entity_type,entity_id,entity_namespace,baci_country_code,scope_type,scope_id,peer_rank,peer_id,similarity,community_id,method,grouping_version,params_hash,source_version,source_year,input_sha256,generated_at
exporter_country,XA,KCS_cntyCd,null,hs6,850431,1,XD,null,null,import_value_topk,g0,4250fa73222788dec3a38a5175e93afc319bddb7ffca22111a11fba5f8170ac9,controlled_fixture_v0,2023,2f8b7f899a1d5fb8b315864c72d12e843cb2e981df9d48e3457337f0e6b9501a,2026-09-25T09:00:00+09:00
exporter_country,XA,KCS_cntyCd,null,hs6,850431,2,XE,null,null,import_value_topk,g0,4250fa73222788dec3a38a5175e93afc319bddb7ffca22111a11fba5f8170ac9,controlled_fixture_v0,2023,2f8b7f899a1d5fb8b315864c72d12e843cb2e981df9d48e3457337f0e6b9501a,2026-09-25T09:00:00+09:00
exporter_country,XA,KCS_cntyCd,null,hs6,850431,3,XB,null,null,import_value_topk,g0,4250fa73222788dec3a38a5175e93afc319bddb7ffca22111a11fba5f8170ac9,controlled_fixture_v0,2023,2f8b7f899a1d5fb8b315864c72d12e843cb2e981df9d48e3457337f0e6b9501a,2026-09-25T09:00:00+09:00
exporter_country,XA,KCS_cntyCd,null,hs6,850431,4,XF,null,null,import_value_topk,g0,4250fa73222788dec3a38a5175e93afc319bddb7ffca22111a11fba5f8170ac9,controlled_fixture_v0,2023,2f8b7f899a1d5fb8b315864c72d12e843cb2e981df9d48e3457337f0e6b9501a,2026-09-25T09:00:00+09:00
exporter_country,XA,KCS_cntyCd,null,hs6,850431,5,XC,null,null,import_value_topk,g0,4250fa73222788dec3a38a5175e93afc319bddb7ffca22111a11fba5f8170ac9,controlled_fixture_v0,2023,2f8b7f899a1d5fb8b315864c72d12e843cb2e981df9d48e3457337f0e6b9501a,2026-09-25T09:00:00+09:00
exporter_country,XB,KCS_cntyCd,null,hs6,850431,1,XD,null,null,import_value_topk,g0,4250fa73222788dec3a38a5175e93afc319bddb7ffca22111a11fba5f8170ac9,controlled_fixture_v0,2023,2f8b7f899a1d5fb8b315864c72d12e843cb2e981df9d48e3457337f0e6b9501a,2026-09-25T09:00:00+09:00
exporter_country,XB,KCS_cntyCd,null,hs6,850431,2,XE,null,null,import_value_topk,g0,4250fa73222788dec3a38a5175e93afc319bddb7ffca22111a11fba5f8170ac9,controlled_fixture_v0,2023,2f8b7f899a1d5fb8b315864c72d12e843cb2e981df9d48e3457337f0e6b9501a,2026-09-25T09:00:00+09:00
exporter_country,XB,KCS_cntyCd,null,hs6,850431,3,XA,null,null,import_value_topk,g0,4250fa73222788dec3a38a5175e93afc319bddb7ffca22111a11fba5f8170ac9,controlled_fixture_v0,2023,2f8b7f899a1d5fb8b315864c72d12e843cb2e981df9d48e3457337f0e6b9501a,2026-09-25T09:00:00+09:00
exporter_country,XB,KCS_cntyCd,null,hs6,850431,4,XF,null,null,import_value_topk,g0,4250fa73222788dec3a38a5175e93afc319bddb7ffca22111a11fba5f8170ac9,controlled_fixture_v0,2023,2f8b7f899a1d5fb8b315864c72d12e843cb2e981df9d48e3457337f0e6b9501a,2026-09-25T09:00:00+09:00
exporter_country,XB,KCS_cntyCd,null,hs6,850431,5,XC,null,null,import_value_topk,g0,4250fa73222788dec3a38a5175e93afc319bddb7ffca22111a11fba5f8170ac9,controlled_fixture_v0,2023,2f8b7f899a1d5fb8b315864c72d12e843cb2e981df9d48e3457337f0e6b9501a,2026-09-25T09:00:00+09:00
exporter_country,XC,KCS_cntyCd,null,hs6,850431,1,XD,null,null,import_value_topk,g0,4250fa73222788dec3a38a5175e93afc319bddb7ffca22111a11fba5f8170ac9,controlled_fixture_v0,2023,2f8b7f899a1d5fb8b315864c72d12e843cb2e981df9d48e3457337f0e6b9501a,2026-09-25T09:00:00+09:00
exporter_country,XC,KCS_cntyCd,null,hs6,850431,2,XE,null,null,import_value_topk,g0,4250fa73222788dec3a38a5175e93afc319bddb7ffca22111a11fba5f8170ac9,controlled_fixture_v0,2023,2f8b7f899a1d5fb8b315864c72d12e843cb2e981df9d48e3457337f0e6b9501a,2026-09-25T09:00:00+09:00
exporter_country,XC,KCS_cntyCd,null,hs6,850431,3,XA,null,null,import_value_topk,g0,4250fa73222788dec3a38a5175e93afc319bddb7ffca22111a11fba5f8170ac9,controlled_fixture_v0,2023,2f8b7f899a1d5fb8b315864c72d12e843cb2e981df9d48e3457337f0e6b9501a,2026-09-25T09:00:00+09:00
exporter_country,XC,KCS_cntyCd,null,hs6,850431,4,XB,null,null,import_value_topk,g0,4250fa73222788dec3a38a5175e93afc319bddb7ffca22111a11fba5f8170ac9,controlled_fixture_v0,2023,2f8b7f899a1d5fb8b315864c72d12e843cb2e981df9d48e3457337f0e6b9501a,2026-09-25T09:00:00+09:00
exporter_country,XC,KCS_cntyCd,null,hs6,850431,5,XF,null,null,import_value_topk,g0,4250fa73222788dec3a38a5175e93afc319bddb7ffca22111a11fba5f8170ac9,controlled_fixture_v0,2023,2f8b7f899a1d5fb8b315864c72d12e843cb2e981df9d48e3457337f0e6b9501a,2026-09-25T09:00:00+09:00
exporter_country,XD,KCS_cntyCd,null,hs6,850431,1,XE,null,null,import_value_topk,g0,4250fa73222788dec3a38a5175e93afc319bddb7ffca22111a11fba5f8170ac9,controlled_fixture_v0,2023,2f8b7f899a1d5fb8b315864c72d12e843cb2e981df9d48e3457337f0e6b9501a,2026-09-25T09:00:00+09:00
exporter_country,XD,KCS_cntyCd,null,hs6,850431,2,XA,null,null,import_value_topk,g0,4250fa73222788dec3a38a5175e93afc319bddb7ffca22111a11fba5f8170ac9,controlled_fixture_v0,2023,2f8b7f899a1d5fb8b315864c72d12e843cb2e981df9d48e3457337f0e6b9501a,2026-09-25T09:00:00+09:00
exporter_country,XD,KCS_cntyCd,null,hs6,850431,3,XB,null,null,import_value_topk,g0,4250fa73222788dec3a38a5175e93afc319bddb7ffca22111a11fba5f8170ac9,controlled_fixture_v0,2023,2f8b7f899a1d5fb8b315864c72d12e843cb2e981df9d48e3457337f0e6b9501a,2026-09-25T09:00:00+09:00
exporter_country,XD,KCS_cntyCd,null,hs6,850431,4,XF,null,null,import_value_topk,g0,4250fa73222788dec3a38a5175e93afc319bddb7ffca22111a11fba5f8170ac9,controlled_fixture_v0,2023,2f8b7f899a1d5fb8b315864c72d12e843cb2e981df9d48e3457337f0e6b9501a,2026-09-25T09:00:00+09:00
exporter_country,XD,KCS_cntyCd,null,hs6,850431,5,XC,null,null,import_value_topk,g0,4250fa73222788dec3a38a5175e93afc319bddb7ffca22111a11fba5f8170ac9,controlled_fixture_v0,2023,2f8b7f899a1d5fb8b315864c72d12e843cb2e981df9d48e3457337f0e6b9501a,2026-09-25T09:00:00+09:00
exporter_country,XE,KCS_cntyCd,null,hs6,850431,1,XD,null,null,import_value_topk,g0,4250fa73222788dec3a38a5175e93afc319bddb7ffca22111a11fba5f8170ac9,controlled_fixture_v0,2023,2f8b7f899a1d5fb8b315864c72d12e843cb2e981df9d48e3457337f0e6b9501a,2026-09-25T09:00:00+09:00
exporter_country,XE,KCS_cntyCd,null,hs6,850431,2,XA,null,null,import_value_topk,g0,4250fa73222788dec3a38a5175e93afc319bddb7ffca22111a11fba5f8170ac9,controlled_fixture_v0,2023,2f8b7f899a1d5fb8b315864c72d12e843cb2e981df9d48e3457337f0e6b9501a,2026-09-25T09:00:00+09:00
exporter_country,XE,KCS_cntyCd,null,hs6,850431,3,XB,null,null,import_value_topk,g0,4250fa73222788dec3a38a5175e93afc319bddb7ffca22111a11fba5f8170ac9,controlled_fixture_v0,2023,2f8b7f899a1d5fb8b315864c72d12e843cb2e981df9d48e3457337f0e6b9501a,2026-09-25T09:00:00+09:00
exporter_country,XE,KCS_cntyCd,null,hs6,850431,4,XF,null,null,import_value_topk,g0,4250fa73222788dec3a38a5175e93afc319bddb7ffca22111a11fba5f8170ac9,controlled_fixture_v0,2023,2f8b7f899a1d5fb8b315864c72d12e843cb2e981df9d48e3457337f0e6b9501a,2026-09-25T09:00:00+09:00
exporter_country,XE,KCS_cntyCd,null,hs6,850431,5,XC,null,null,import_value_topk,g0,4250fa73222788dec3a38a5175e93afc319bddb7ffca22111a11fba5f8170ac9,controlled_fixture_v0,2023,2f8b7f899a1d5fb8b315864c72d12e843cb2e981df9d48e3457337f0e6b9501a,2026-09-25T09:00:00+09:00
exporter_country,XF,KCS_cntyCd,null,hs6,850431,1,XD,null,null,import_value_topk,g0,4250fa73222788dec3a38a5175e93afc319bddb7ffca22111a11fba5f8170ac9,controlled_fixture_v0,2023,2f8b7f899a1d5fb8b315864c72d12e843cb2e981df9d48e3457337f0e6b9501a,2026-09-25T09:00:00+09:00
exporter_country,XF,KCS_cntyCd,null,hs6,850431,2,XE,null,null,import_value_topk,g0,4250fa73222788dec3a38a5175e93afc319bddb7ffca22111a11fba5f8170ac9,controlled_fixture_v0,2023,2f8b7f899a1d5fb8b315864c72d12e843cb2e981df9d48e3457337f0e6b9501a,2026-09-25T09:00:00+09:00
exporter_country,XF,KCS_cntyCd,null,hs6,850431,3,XA,null,null,import_value_topk,g0,4250fa73222788dec3a38a5175e93afc319bddb7ffca22111a11fba5f8170ac9,controlled_fixture_v0,2023,2f8b7f899a1d5fb8b315864c72d12e843cb2e981df9d48e3457337f0e6b9501a,2026-09-25T09:00:00+09:00
exporter_country,XF,KCS_cntyCd,null,hs6,850431,4,XB,null,null,import_value_topk,g0,4250fa73222788dec3a38a5175e93afc319bddb7ffca22111a11fba5f8170ac9,controlled_fixture_v0,2023,2f8b7f899a1d5fb8b315864c72d12e843cb2e981df9d48e3457337f0e6b9501a,2026-09-25T09:00:00+09:00
exporter_country,XF,KCS_cntyCd,null,hs6,850431,5,XC,null,null,import_value_topk,g0,4250fa73222788dec3a38a5175e93afc319bddb7ffca22111a11fba5f8170ac9,controlled_fixture_v0,2023,2f8b7f899a1d5fb8b315864c72d12e843cb2e981df9d48e3457337f0e6b9501a,2026-09-25T09:00:00+09:00
exporter_country,XG,KCS_cntyCd,null,hs6,850431,1,XD,null,null,import_value_topk,g0,4250fa73222788dec3a38a5175e93afc319bddb7ffca22111a11fba5f8170ac9,controlled_fixture_v0,2023,2f8b7f899a1d5fb8b315864c72d12e843cb2e981df9d48e3457337f0e6b9501a,2026-09-25T09:00:00+09:00
exporter_country,XG,KCS_cntyCd,null,hs6,850431,2,XE,null,null,import_value_topk,g0,4250fa73222788dec3a38a5175e93afc319bddb7ffca22111a11fba5f8170ac9,controlled_fixture_v0,2023,2f8b7f899a1d5fb8b315864c72d12e843cb2e981df9d48e3457337f0e6b9501a,2026-09-25T09:00:00+09:00
exporter_country,XG,KCS_cntyCd,null,hs6,850431,3,XA,null,null,import_value_topk,g0,4250fa73222788dec3a38a5175e93afc319bddb7ffca22111a11fba5f8170ac9,controlled_fixture_v0,2023,2f8b7f899a1d5fb8b315864c72d12e843cb2e981df9d48e3457337f0e6b9501a,2026-09-25T09:00:00+09:00
exporter_country,XG,KCS_cntyCd,null,hs6,850431,4,XB,null,null,import_value_topk,g0,4250fa73222788dec3a38a5175e93afc319bddb7ffca22111a11fba5f8170ac9,controlled_fixture_v0,2023,2f8b7f899a1d5fb8b315864c72d12e843cb2e981df9d48e3457337f0e6b9501a,2026-09-25T09:00:00+09:00
exporter_country,XG,KCS_cntyCd,null,hs6,850431,5,XF,null,null,import_value_topk,g0,4250fa73222788dec3a38a5175e93afc319bddb7ffca22111a11fba5f8170ac9,controlled_fixture_v0,2023,2f8b7f899a1d5fb8b315864c72d12e843cb2e981df9d48e3457337f0e6b9501a,2026-09-25T09:00:00+09:00
exporter_country,XH,KCS_cntyCd,null,hs6,850431,1,XD,null,null,import_value_topk,g0,4250fa73222788dec3a38a5175e93afc319bddb7ffca22111a11fba5f8170ac9,controlled_fixture_v0,2023,2f8b7f899a1d5fb8b315864c72d12e843cb2e981df9d48e3457337f0e6b9501a,2026-09-25T09:00:00+09:00
exporter_country,XH,KCS_cntyCd,null,hs6,850431,2,XE,null,null,import_value_topk,g0,4250fa73222788dec3a38a5175e93afc319bddb7ffca22111a11fba5f8170ac9,controlled_fixture_v0,2023,2f8b7f899a1d5fb8b315864c72d12e843cb2e981df9d48e3457337f0e6b9501a,2026-09-25T09:00:00+09:00
exporter_country,XH,KCS_cntyCd,null,hs6,850431,3,XA,null,null,import_value_topk,g0,4250fa73222788dec3a38a5175e93afc319bddb7ffca22111a11fba5f8170ac9,controlled_fixture_v0,2023,2f8b7f899a1d5fb8b315864c72d12e843cb2e981df9d48e3457337f0e6b9501a,2026-09-25T09:00:00+09:00
exporter_country,XH,KCS_cntyCd,null,hs6,850431,4,XB,null,null,import_value_topk,g0,4250fa73222788dec3a38a5175e93afc319bddb7ffca22111a11fba5f8170ac9,controlled_fixture_v0,2023,2f8b7f899a1d5fb8b315864c72d12e843cb2e981df9d48e3457337f0e6b9501a,2026-09-25T09:00:00+09:00
exporter_country,XH,KCS_cntyCd,null,hs6,850431,5,XF,null,null,import_value_topk,g0,4250fa73222788dec3a38a5175e93afc319bddb7ffca22111a11fba5f8170ac9,controlled_fixture_v0,2023,2f8b7f899a1d5fb8b315864c72d12e843cb2e981df9d48e3457337f0e6b9501a,2026-09-25T09:00:00+09:00
exporter_country,XI,KCS_cntyCd,null,hs6,850431,1,XD,null,null,import_value_topk,g0,4250fa73222788dec3a38a5175e93afc319bddb7ffca22111a11fba5f8170ac9,controlled_fixture_v0,2023,2f8b7f899a1d5fb8b315864c72d12e843cb2e981df9d48e3457337f0e6b9501a,2026-09-25T09:00:00+09:00
exporter_country,XI,KCS_cntyCd,null,hs6,850431,2,XE,null,null,import_value_topk,g0,4250fa73222788dec3a38a5175e93afc319bddb7ffca22111a11fba5f8170ac9,controlled_fixture_v0,2023,2f8b7f899a1d5fb8b315864c72d12e843cb2e981df9d48e3457337f0e6b9501a,2026-09-25T09:00:00+09:00
exporter_country,XI,KCS_cntyCd,null,hs6,850431,3,XA,null,null,import_value_topk,g0,4250fa73222788dec3a38a5175e93afc319bddb7ffca22111a11fba5f8170ac9,controlled_fixture_v0,2023,2f8b7f899a1d5fb8b315864c72d12e843cb2e981df9d48e3457337f0e6b9501a,2026-09-25T09:00:00+09:00
exporter_country,XI,KCS_cntyCd,null,hs6,850431,4,XB,null,null,import_value_topk,g0,4250fa73222788dec3a38a5175e93afc319bddb7ffca22111a11fba5f8170ac9,controlled_fixture_v0,2023,2f8b7f899a1d5fb8b315864c72d12e843cb2e981df9d48e3457337f0e6b9501a,2026-09-25T09:00:00+09:00
exporter_country,XI,KCS_cntyCd,null,hs6,850431,5,XF,null,null,import_value_topk,g0,4250fa73222788dec3a38a5175e93afc319bddb7ffca22111a11fba5f8170ac9,controlled_fixture_v0,2023,2f8b7f899a1d5fb8b315864c72d12e843cb2e981df9d48e3457337f0e6b9501a,2026-09-25T09:00:00+09:00
exporter_country,XJ,KCS_cntyCd,null,hs6,850431,1,XD,null,null,import_value_topk,g0,4250fa73222788dec3a38a5175e93afc319bddb7ffca22111a11fba5f8170ac9,controlled_fixture_v0,2023,2f8b7f899a1d5fb8b315864c72d12e843cb2e981df9d48e3457337f0e6b9501a,2026-09-25T09:00:00+09:00
exporter_country,XJ,KCS_cntyCd,null,hs6,850431,2,XE,null,null,import_value_topk,g0,4250fa73222788dec3a38a5175e93afc319bddb7ffca22111a11fba5f8170ac9,controlled_fixture_v0,2023,2f8b7f899a1d5fb8b315864c72d12e843cb2e981df9d48e3457337f0e6b9501a,2026-09-25T09:00:00+09:00
exporter_country,XJ,KCS_cntyCd,null,hs6,850431,3,XA,null,null,import_value_topk,g0,4250fa73222788dec3a38a5175e93afc319bddb7ffca22111a11fba5f8170ac9,controlled_fixture_v0,2023,2f8b7f899a1d5fb8b315864c72d12e843cb2e981df9d48e3457337f0e6b9501a,2026-09-25T09:00:00+09:00
exporter_country,XJ,KCS_cntyCd,null,hs6,850431,4,XB,null,null,import_value_topk,g0,4250fa73222788dec3a38a5175e93afc319bddb7ffca22111a11fba5f8170ac9,controlled_fixture_v0,2023,2f8b7f899a1d5fb8b315864c72d12e843cb2e981df9d48e3457337f0e6b9501a,2026-09-25T09:00:00+09:00
exporter_country,XJ,KCS_cntyCd,null,hs6,850431,5,XF,null,null,import_value_topk,g0,4250fa73222788dec3a38a5175e93afc319bddb7ffca22111a11fba5f8170ac9,controlled_fixture_v0,2023,2f8b7f899a1d5fb8b315864c72d12e843cb2e981df9d48e3457337f0e6b9501a,2026-09-25T09:00:00+09:00
exporter_country,XA,KCS_cntyCd,null,hs6,850432,1,XE,null,null,import_value_topk,g0,4250fa73222788dec3a38a5175e93afc319bddb7ffca22111a11fba5f8170ac9,controlled_fixture_v0,2023,2f8b7f899a1d5fb8b315864c72d12e843cb2e981df9d48e3457337f0e6b9501a,2026-09-25T09:00:00+09:00
exporter_country,XA,KCS_cntyCd,null,hs6,850432,2,XF,null,null,import_value_topk,g0,4250fa73222788dec3a38a5175e93afc319bddb7ffca22111a11fba5f8170ac9,controlled_fixture_v0,2023,2f8b7f899a1d5fb8b315864c72d12e843cb2e981df9d48e3457337f0e6b9501a,2026-09-25T09:00:00+09:00
exporter_country,XA,KCS_cntyCd,null,hs6,850432,3,XD,null,null,import_value_topk,g0,4250fa73222788dec3a38a5175e93afc319bddb7ffca22111a11fba5f8170ac9,controlled_fixture_v0,2023,2f8b7f899a1d5fb8b315864c72d12e843cb2e981df9d48e3457337f0e6b9501a,2026-09-25T09:00:00+09:00
exporter_country,XA,KCS_cntyCd,null,hs6,850432,4,XC,null,null,import_value_topk,g0,4250fa73222788dec3a38a5175e93afc319bddb7ffca22111a11fba5f8170ac9,controlled_fixture_v0,2023,2f8b7f899a1d5fb8b315864c72d12e843cb2e981df9d48e3457337f0e6b9501a,2026-09-25T09:00:00+09:00
exporter_country,XA,KCS_cntyCd,null,hs6,850432,5,XB,null,null,import_value_topk,g0,4250fa73222788dec3a38a5175e93afc319bddb7ffca22111a11fba5f8170ac9,controlled_fixture_v0,2023,2f8b7f899a1d5fb8b315864c72d12e843cb2e981df9d48e3457337f0e6b9501a,2026-09-25T09:00:00+09:00
exporter_country,XB,KCS_cntyCd,null,hs6,850432,1,XE,null,null,import_value_topk,g0,4250fa73222788dec3a38a5175e93afc319bddb7ffca22111a11fba5f8170ac9,controlled_fixture_v0,2023,2f8b7f899a1d5fb8b315864c72d12e843cb2e981df9d48e3457337f0e6b9501a,2026-09-25T09:00:00+09:00
exporter_country,XB,KCS_cntyCd,null,hs6,850432,2,XF,null,null,import_value_topk,g0,4250fa73222788dec3a38a5175e93afc319bddb7ffca22111a11fba5f8170ac9,controlled_fixture_v0,2023,2f8b7f899a1d5fb8b315864c72d12e843cb2e981df9d48e3457337f0e6b9501a,2026-09-25T09:00:00+09:00
exporter_country,XB,KCS_cntyCd,null,hs6,850432,3,XD,null,null,import_value_topk,g0,4250fa73222788dec3a38a5175e93afc319bddb7ffca22111a11fba5f8170ac9,controlled_fixture_v0,2023,2f8b7f899a1d5fb8b315864c72d12e843cb2e981df9d48e3457337f0e6b9501a,2026-09-25T09:00:00+09:00
exporter_country,XB,KCS_cntyCd,null,hs6,850432,4,XC,null,null,import_value_topk,g0,4250fa73222788dec3a38a5175e93afc319bddb7ffca22111a11fba5f8170ac9,controlled_fixture_v0,2023,2f8b7f899a1d5fb8b315864c72d12e843cb2e981df9d48e3457337f0e6b9501a,2026-09-25T09:00:00+09:00
exporter_country,XB,KCS_cntyCd,null,hs6,850432,5,XA,null,null,import_value_topk,g0,4250fa73222788dec3a38a5175e93afc319bddb7ffca22111a11fba5f8170ac9,controlled_fixture_v0,2023,2f8b7f899a1d5fb8b315864c72d12e843cb2e981df9d48e3457337f0e6b9501a,2026-09-25T09:00:00+09:00
exporter_country,XC,KCS_cntyCd,null,hs6,850432,1,XE,null,null,import_value_topk,g0,4250fa73222788dec3a38a5175e93afc319bddb7ffca22111a11fba5f8170ac9,controlled_fixture_v0,2023,2f8b7f899a1d5fb8b315864c72d12e843cb2e981df9d48e3457337f0e6b9501a,2026-09-25T09:00:00+09:00
exporter_country,XC,KCS_cntyCd,null,hs6,850432,2,XF,null,null,import_value_topk,g0,4250fa73222788dec3a38a5175e93afc319bddb7ffca22111a11fba5f8170ac9,controlled_fixture_v0,2023,2f8b7f899a1d5fb8b315864c72d12e843cb2e981df9d48e3457337f0e6b9501a,2026-09-25T09:00:00+09:00
exporter_country,XC,KCS_cntyCd,null,hs6,850432,3,XD,null,null,import_value_topk,g0,4250fa73222788dec3a38a5175e93afc319bddb7ffca22111a11fba5f8170ac9,controlled_fixture_v0,2023,2f8b7f899a1d5fb8b315864c72d12e843cb2e981df9d48e3457337f0e6b9501a,2026-09-25T09:00:00+09:00
exporter_country,XC,KCS_cntyCd,null,hs6,850432,4,XA,null,null,import_value_topk,g0,4250fa73222788dec3a38a5175e93afc319bddb7ffca22111a11fba5f8170ac9,controlled_fixture_v0,2023,2f8b7f899a1d5fb8b315864c72d12e843cb2e981df9d48e3457337f0e6b9501a,2026-09-25T09:00:00+09:00
exporter_country,XC,KCS_cntyCd,null,hs6,850432,5,XB,null,null,import_value_topk,g0,4250fa73222788dec3a38a5175e93afc319bddb7ffca22111a11fba5f8170ac9,controlled_fixture_v0,2023,2f8b7f899a1d5fb8b315864c72d12e843cb2e981df9d48e3457337f0e6b9501a,2026-09-25T09:00:00+09:00
exporter_country,XD,KCS_cntyCd,null,hs6,850432,1,XE,null,null,import_value_topk,g0,4250fa73222788dec3a38a5175e93afc319bddb7ffca22111a11fba5f8170ac9,controlled_fixture_v0,2023,2f8b7f899a1d5fb8b315864c72d12e843cb2e981df9d48e3457337f0e6b9501a,2026-09-25T09:00:00+09:00
exporter_country,XD,KCS_cntyCd,null,hs6,850432,2,XF,null,null,import_value_topk,g0,4250fa73222788dec3a38a5175e93afc319bddb7ffca22111a11fba5f8170ac9,controlled_fixture_v0,2023,2f8b7f899a1d5fb8b315864c72d12e843cb2e981df9d48e3457337f0e6b9501a,2026-09-25T09:00:00+09:00
exporter_country,XD,KCS_cntyCd,null,hs6,850432,3,XC,null,null,import_value_topk,g0,4250fa73222788dec3a38a5175e93afc319bddb7ffca22111a11fba5f8170ac9,controlled_fixture_v0,2023,2f8b7f899a1d5fb8b315864c72d12e843cb2e981df9d48e3457337f0e6b9501a,2026-09-25T09:00:00+09:00
exporter_country,XD,KCS_cntyCd,null,hs6,850432,4,XA,null,null,import_value_topk,g0,4250fa73222788dec3a38a5175e93afc319bddb7ffca22111a11fba5f8170ac9,controlled_fixture_v0,2023,2f8b7f899a1d5fb8b315864c72d12e843cb2e981df9d48e3457337f0e6b9501a,2026-09-25T09:00:00+09:00
exporter_country,XD,KCS_cntyCd,null,hs6,850432,5,XB,null,null,import_value_topk,g0,4250fa73222788dec3a38a5175e93afc319bddb7ffca22111a11fba5f8170ac9,controlled_fixture_v0,2023,2f8b7f899a1d5fb8b315864c72d12e843cb2e981df9d48e3457337f0e6b9501a,2026-09-25T09:00:00+09:00
exporter_country,XE,KCS_cntyCd,null,hs6,850432,1,XF,null,null,import_value_topk,g0,4250fa73222788dec3a38a5175e93afc319bddb7ffca22111a11fba5f8170ac9,controlled_fixture_v0,2023,2f8b7f899a1d5fb8b315864c72d12e843cb2e981df9d48e3457337f0e6b9501a,2026-09-25T09:00:00+09:00
exporter_country,XE,KCS_cntyCd,null,hs6,850432,2,XD,null,null,import_value_topk,g0,4250fa73222788dec3a38a5175e93afc319bddb7ffca22111a11fba5f8170ac9,controlled_fixture_v0,2023,2f8b7f899a1d5fb8b315864c72d12e843cb2e981df9d48e3457337f0e6b9501a,2026-09-25T09:00:00+09:00
exporter_country,XE,KCS_cntyCd,null,hs6,850432,3,XC,null,null,import_value_topk,g0,4250fa73222788dec3a38a5175e93afc319bddb7ffca22111a11fba5f8170ac9,controlled_fixture_v0,2023,2f8b7f899a1d5fb8b315864c72d12e843cb2e981df9d48e3457337f0e6b9501a,2026-09-25T09:00:00+09:00
exporter_country,XE,KCS_cntyCd,null,hs6,850432,4,XA,null,null,import_value_topk,g0,4250fa73222788dec3a38a5175e93afc319bddb7ffca22111a11fba5f8170ac9,controlled_fixture_v0,2023,2f8b7f899a1d5fb8b315864c72d12e843cb2e981df9d48e3457337f0e6b9501a,2026-09-25T09:00:00+09:00
exporter_country,XE,KCS_cntyCd,null,hs6,850432,5,XB,null,null,import_value_topk,g0,4250fa73222788dec3a38a5175e93afc319bddb7ffca22111a11fba5f8170ac9,controlled_fixture_v0,2023,2f8b7f899a1d5fb8b315864c72d12e843cb2e981df9d48e3457337f0e6b9501a,2026-09-25T09:00:00+09:00
exporter_country,XF,KCS_cntyCd,null,hs6,850432,1,XE,null,null,import_value_topk,g0,4250fa73222788dec3a38a5175e93afc319bddb7ffca22111a11fba5f8170ac9,controlled_fixture_v0,2023,2f8b7f899a1d5fb8b315864c72d12e843cb2e981df9d48e3457337f0e6b9501a,2026-09-25T09:00:00+09:00
exporter_country,XF,KCS_cntyCd,null,hs6,850432,2,XD,null,null,import_value_topk,g0,4250fa73222788dec3a38a5175e93afc319bddb7ffca22111a11fba5f8170ac9,controlled_fixture_v0,2023,2f8b7f899a1d5fb8b315864c72d12e843cb2e981df9d48e3457337f0e6b9501a,2026-09-25T09:00:00+09:00
exporter_country,XF,KCS_cntyCd,null,hs6,850432,3,XC,null,null,import_value_topk,g0,4250fa73222788dec3a38a5175e93afc319bddb7ffca22111a11fba5f8170ac9,controlled_fixture_v0,2023,2f8b7f899a1d5fb8b315864c72d12e843cb2e981df9d48e3457337f0e6b9501a,2026-09-25T09:00:00+09:00
exporter_country,XF,KCS_cntyCd,null,hs6,850432,4,XA,null,null,import_value_topk,g0,4250fa73222788dec3a38a5175e93afc319bddb7ffca22111a11fba5f8170ac9,controlled_fixture_v0,2023,2f8b7f899a1d5fb8b315864c72d12e843cb2e981df9d48e3457337f0e6b9501a,2026-09-25T09:00:00+09:00
exporter_country,XF,KCS_cntyCd,null,hs6,850432,5,XB,null,null,import_value_topk,g0,4250fa73222788dec3a38a5175e93afc319bddb7ffca22111a11fba5f8170ac9,controlled_fixture_v0,2023,2f8b7f899a1d5fb8b315864c72d12e843cb2e981df9d48e3457337f0e6b9501a,2026-09-25T09:00:00+09:00
exporter_country,XG,KCS_cntyCd,null,hs6,850432,1,XE,null,null,import_value_topk,g0,4250fa73222788dec3a38a5175e93afc319bddb7ffca22111a11fba5f8170ac9,controlled_fixture_v0,2023,2f8b7f899a1d5fb8b315864c72d12e843cb2e981df9d48e3457337f0e6b9501a,2026-09-25T09:00:00+09:00
exporter_country,XG,KCS_cntyCd,null,hs6,850432,2,XF,null,null,import_value_topk,g0,4250fa73222788dec3a38a5175e93afc319bddb7ffca22111a11fba5f8170ac9,controlled_fixture_v0,2023,2f8b7f899a1d5fb8b315864c72d12e843cb2e981df9d48e3457337f0e6b9501a,2026-09-25T09:00:00+09:00
exporter_country,XG,KCS_cntyCd,null,hs6,850432,3,XD,null,null,import_value_topk,g0,4250fa73222788dec3a38a5175e93afc319bddb7ffca22111a11fba5f8170ac9,controlled_fixture_v0,2023,2f8b7f899a1d5fb8b315864c72d12e843cb2e981df9d48e3457337f0e6b9501a,2026-09-25T09:00:00+09:00
exporter_country,XG,KCS_cntyCd,null,hs6,850432,4,XC,null,null,import_value_topk,g0,4250fa73222788dec3a38a5175e93afc319bddb7ffca22111a11fba5f8170ac9,controlled_fixture_v0,2023,2f8b7f899a1d5fb8b315864c72d12e843cb2e981df9d48e3457337f0e6b9501a,2026-09-25T09:00:00+09:00
exporter_country,XG,KCS_cntyCd,null,hs6,850432,5,XA,null,null,import_value_topk,g0,4250fa73222788dec3a38a5175e93afc319bddb7ffca22111a11fba5f8170ac9,controlled_fixture_v0,2023,2f8b7f899a1d5fb8b315864c72d12e843cb2e981df9d48e3457337f0e6b9501a,2026-09-25T09:00:00+09:00
exporter_country,XH,KCS_cntyCd,null,hs6,850432,1,XE,null,null,import_value_topk,g0,4250fa73222788dec3a38a5175e93afc319bddb7ffca22111a11fba5f8170ac9,controlled_fixture_v0,2023,2f8b7f899a1d5fb8b315864c72d12e843cb2e981df9d48e3457337f0e6b9501a,2026-09-25T09:00:00+09:00
exporter_country,XH,KCS_cntyCd,null,hs6,850432,2,XF,null,null,import_value_topk,g0,4250fa73222788dec3a38a5175e93afc319bddb7ffca22111a11fba5f8170ac9,controlled_fixture_v0,2023,2f8b7f899a1d5fb8b315864c72d12e843cb2e981df9d48e3457337f0e6b9501a,2026-09-25T09:00:00+09:00
exporter_country,XH,KCS_cntyCd,null,hs6,850432,3,XD,null,null,import_value_topk,g0,4250fa73222788dec3a38a5175e93afc319bddb7ffca22111a11fba5f8170ac9,controlled_fixture_v0,2023,2f8b7f899a1d5fb8b315864c72d12e843cb2e981df9d48e3457337f0e6b9501a,2026-09-25T09:00:00+09:00
exporter_country,XH,KCS_cntyCd,null,hs6,850432,4,XC,null,null,import_value_topk,g0,4250fa73222788dec3a38a5175e93afc319bddb7ffca22111a11fba5f8170ac9,controlled_fixture_v0,2023,2f8b7f899a1d5fb8b315864c72d12e843cb2e981df9d48e3457337f0e6b9501a,2026-09-25T09:00:00+09:00
exporter_country,XH,KCS_cntyCd,null,hs6,850432,5,XA,null,null,import_value_topk,g0,4250fa73222788dec3a38a5175e93afc319bddb7ffca22111a11fba5f8170ac9,controlled_fixture_v0,2023,2f8b7f899a1d5fb8b315864c72d12e843cb2e981df9d48e3457337f0e6b9501a,2026-09-25T09:00:00+09:00
exporter_country,XI,KCS_cntyCd,null,hs6,850432,1,XE,null,null,import_value_topk,g0,4250fa73222788dec3a38a5175e93afc319bddb7ffca22111a11fba5f8170ac9,controlled_fixture_v0,2023,2f8b7f899a1d5fb8b315864c72d12e843cb2e981df9d48e3457337f0e6b9501a,2026-09-25T09:00:00+09:00
exporter_country,XI,KCS_cntyCd,null,hs6,850432,2,XF,null,null,import_value_topk,g0,4250fa73222788dec3a38a5175e93afc319bddb7ffca22111a11fba5f8170ac9,controlled_fixture_v0,2023,2f8b7f899a1d5fb8b315864c72d12e843cb2e981df9d48e3457337f0e6b9501a,2026-09-25T09:00:00+09:00
exporter_country,XI,KCS_cntyCd,null,hs6,850432,3,XD,null,null,import_value_topk,g0,4250fa73222788dec3a38a5175e93afc319bddb7ffca22111a11fba5f8170ac9,controlled_fixture_v0,2023,2f8b7f899a1d5fb8b315864c72d12e843cb2e981df9d48e3457337f0e6b9501a,2026-09-25T09:00:00+09:00
exporter_country,XI,KCS_cntyCd,null,hs6,850432,4,XC,null,null,import_value_topk,g0,4250fa73222788dec3a38a5175e93afc319bddb7ffca22111a11fba5f8170ac9,controlled_fixture_v0,2023,2f8b7f899a1d5fb8b315864c72d12e843cb2e981df9d48e3457337f0e6b9501a,2026-09-25T09:00:00+09:00
exporter_country,XI,KCS_cntyCd,null,hs6,850432,5,XA,null,null,import_value_topk,g0,4250fa73222788dec3a38a5175e93afc319bddb7ffca22111a11fba5f8170ac9,controlled_fixture_v0,2023,2f8b7f899a1d5fb8b315864c72d12e843cb2e981df9d48e3457337f0e6b9501a,2026-09-25T09:00:00+09:00
exporter_country,XJ,KCS_cntyCd,null,hs6,850432,1,XE,null,null,import_value_topk,g0,4250fa73222788dec3a38a5175e93afc319bddb7ffca22111a11fba5f8170ac9,controlled_fixture_v0,2023,2f8b7f899a1d5fb8b315864c72d12e843cb2e981df9d48e3457337f0e6b9501a,2026-09-25T09:00:00+09:00
exporter_country,XJ,KCS_cntyCd,null,hs6,850432,2,XF,null,null,import_value_topk,g0,4250fa73222788dec3a38a5175e93afc319bddb7ffca22111a11fba5f8170ac9,controlled_fixture_v0,2023,2f8b7f899a1d5fb8b315864c72d12e843cb2e981df9d48e3457337f0e6b9501a,2026-09-25T09:00:00+09:00
exporter_country,XJ,KCS_cntyCd,null,hs6,850432,3,XD,null,null,import_value_topk,g0,4250fa73222788dec3a38a5175e93afc319bddb7ffca22111a11fba5f8170ac9,controlled_fixture_v0,2023,2f8b7f899a1d5fb8b315864c72d12e843cb2e981df9d48e3457337f0e6b9501a,2026-09-25T09:00:00+09:00
exporter_country,XJ,KCS_cntyCd,null,hs6,850432,4,XC,null,null,import_value_topk,g0,4250fa73222788dec3a38a5175e93afc319bddb7ffca22111a11fba5f8170ac9,controlled_fixture_v0,2023,2f8b7f899a1d5fb8b315864c72d12e843cb2e981df9d48e3457337f0e6b9501a,2026-09-25T09:00:00+09:00
exporter_country,XJ,KCS_cntyCd,null,hs6,850432,5,XA,null,null,import_value_topk,g0,4250fa73222788dec3a38a5175e93afc319bddb7ffca22111a11fba5f8170ac9,controlled_fixture_v0,2023,2f8b7f899a1d5fb8b315864c72d12e843cb2e981df9d48e3457337f0e6b9501a,2026-09-25T09:00:00+09:00
exporter_country,XA,KCS_cntyCd,null,hs6,850450,1,XB,null,null,import_value_topk,g0,4250fa73222788dec3a38a5175e93afc319bddb7ffca22111a11fba5f8170ac9,controlled_fixture_v0,2023,2f8b7f899a1d5fb8b315864c72d12e843cb2e981df9d48e3457337f0e6b9501a,2026-09-25T09:00:00+09:00
exporter_country,XA,KCS_cntyCd,null,hs6,850450,2,XC,null,null,import_value_topk,g0,4250fa73222788dec3a38a5175e93afc319bddb7ffca22111a11fba5f8170ac9,controlled_fixture_v0,2023,2f8b7f899a1d5fb8b315864c72d12e843cb2e981df9d48e3457337f0e6b9501a,2026-09-25T09:00:00+09:00
exporter_country,XA,KCS_cntyCd,null,hs6,850450,3,XD,null,null,import_value_topk,g0,4250fa73222788dec3a38a5175e93afc319bddb7ffca22111a11fba5f8170ac9,controlled_fixture_v0,2023,2f8b7f899a1d5fb8b315864c72d12e843cb2e981df9d48e3457337f0e6b9501a,2026-09-25T09:00:00+09:00
exporter_country,XA,KCS_cntyCd,null,hs6,850450,4,XE,null,null,import_value_topk,g0,4250fa73222788dec3a38a5175e93afc319bddb7ffca22111a11fba5f8170ac9,controlled_fixture_v0,2023,2f8b7f899a1d5fb8b315864c72d12e843cb2e981df9d48e3457337f0e6b9501a,2026-09-25T09:00:00+09:00
exporter_country,XA,KCS_cntyCd,null,hs6,850450,5,XF,null,null,import_value_topk,g0,4250fa73222788dec3a38a5175e93afc319bddb7ffca22111a11fba5f8170ac9,controlled_fixture_v0,2023,2f8b7f899a1d5fb8b315864c72d12e843cb2e981df9d48e3457337f0e6b9501a,2026-09-25T09:00:00+09:00
exporter_country,XB,KCS_cntyCd,null,hs6,850450,1,XC,null,null,import_value_topk,g0,4250fa73222788dec3a38a5175e93afc319bddb7ffca22111a11fba5f8170ac9,controlled_fixture_v0,2023,2f8b7f899a1d5fb8b315864c72d12e843cb2e981df9d48e3457337f0e6b9501a,2026-09-25T09:00:00+09:00
exporter_country,XB,KCS_cntyCd,null,hs6,850450,2,XD,null,null,import_value_topk,g0,4250fa73222788dec3a38a5175e93afc319bddb7ffca22111a11fba5f8170ac9,controlled_fixture_v0,2023,2f8b7f899a1d5fb8b315864c72d12e843cb2e981df9d48e3457337f0e6b9501a,2026-09-25T09:00:00+09:00
exporter_country,XB,KCS_cntyCd,null,hs6,850450,3,XA,null,null,import_value_topk,g0,4250fa73222788dec3a38a5175e93afc319bddb7ffca22111a11fba5f8170ac9,controlled_fixture_v0,2023,2f8b7f899a1d5fb8b315864c72d12e843cb2e981df9d48e3457337f0e6b9501a,2026-09-25T09:00:00+09:00
exporter_country,XB,KCS_cntyCd,null,hs6,850450,4,XE,null,null,import_value_topk,g0,4250fa73222788dec3a38a5175e93afc319bddb7ffca22111a11fba5f8170ac9,controlled_fixture_v0,2023,2f8b7f899a1d5fb8b315864c72d12e843cb2e981df9d48e3457337f0e6b9501a,2026-09-25T09:00:00+09:00
exporter_country,XB,KCS_cntyCd,null,hs6,850450,5,XF,null,null,import_value_topk,g0,4250fa73222788dec3a38a5175e93afc319bddb7ffca22111a11fba5f8170ac9,controlled_fixture_v0,2023,2f8b7f899a1d5fb8b315864c72d12e843cb2e981df9d48e3457337f0e6b9501a,2026-09-25T09:00:00+09:00
exporter_country,XC,KCS_cntyCd,null,hs6,850450,1,XB,null,null,import_value_topk,g0,4250fa73222788dec3a38a5175e93afc319bddb7ffca22111a11fba5f8170ac9,controlled_fixture_v0,2023,2f8b7f899a1d5fb8b315864c72d12e843cb2e981df9d48e3457337f0e6b9501a,2026-09-25T09:00:00+09:00
exporter_country,XC,KCS_cntyCd,null,hs6,850450,2,XD,null,null,import_value_topk,g0,4250fa73222788dec3a38a5175e93afc319bddb7ffca22111a11fba5f8170ac9,controlled_fixture_v0,2023,2f8b7f899a1d5fb8b315864c72d12e843cb2e981df9d48e3457337f0e6b9501a,2026-09-25T09:00:00+09:00
exporter_country,XC,KCS_cntyCd,null,hs6,850450,3,XA,null,null,import_value_topk,g0,4250fa73222788dec3a38a5175e93afc319bddb7ffca22111a11fba5f8170ac9,controlled_fixture_v0,2023,2f8b7f899a1d5fb8b315864c72d12e843cb2e981df9d48e3457337f0e6b9501a,2026-09-25T09:00:00+09:00
exporter_country,XC,KCS_cntyCd,null,hs6,850450,4,XE,null,null,import_value_topk,g0,4250fa73222788dec3a38a5175e93afc319bddb7ffca22111a11fba5f8170ac9,controlled_fixture_v0,2023,2f8b7f899a1d5fb8b315864c72d12e843cb2e981df9d48e3457337f0e6b9501a,2026-09-25T09:00:00+09:00
exporter_country,XC,KCS_cntyCd,null,hs6,850450,5,XF,null,null,import_value_topk,g0,4250fa73222788dec3a38a5175e93afc319bddb7ffca22111a11fba5f8170ac9,controlled_fixture_v0,2023,2f8b7f899a1d5fb8b315864c72d12e843cb2e981df9d48e3457337f0e6b9501a,2026-09-25T09:00:00+09:00
exporter_country,XD,KCS_cntyCd,null,hs6,850450,1,XB,null,null,import_value_topk,g0,4250fa73222788dec3a38a5175e93afc319bddb7ffca22111a11fba5f8170ac9,controlled_fixture_v0,2023,2f8b7f899a1d5fb8b315864c72d12e843cb2e981df9d48e3457337f0e6b9501a,2026-09-25T09:00:00+09:00
exporter_country,XD,KCS_cntyCd,null,hs6,850450,2,XC,null,null,import_value_topk,g0,4250fa73222788dec3a38a5175e93afc319bddb7ffca22111a11fba5f8170ac9,controlled_fixture_v0,2023,2f8b7f899a1d5fb8b315864c72d12e843cb2e981df9d48e3457337f0e6b9501a,2026-09-25T09:00:00+09:00
exporter_country,XD,KCS_cntyCd,null,hs6,850450,3,XA,null,null,import_value_topk,g0,4250fa73222788dec3a38a5175e93afc319bddb7ffca22111a11fba5f8170ac9,controlled_fixture_v0,2023,2f8b7f899a1d5fb8b315864c72d12e843cb2e981df9d48e3457337f0e6b9501a,2026-09-25T09:00:00+09:00
exporter_country,XD,KCS_cntyCd,null,hs6,850450,4,XE,null,null,import_value_topk,g0,4250fa73222788dec3a38a5175e93afc319bddb7ffca22111a11fba5f8170ac9,controlled_fixture_v0,2023,2f8b7f899a1d5fb8b315864c72d12e843cb2e981df9d48e3457337f0e6b9501a,2026-09-25T09:00:00+09:00
exporter_country,XD,KCS_cntyCd,null,hs6,850450,5,XF,null,null,import_value_topk,g0,4250fa73222788dec3a38a5175e93afc319bddb7ffca22111a11fba5f8170ac9,controlled_fixture_v0,2023,2f8b7f899a1d5fb8b315864c72d12e843cb2e981df9d48e3457337f0e6b9501a,2026-09-25T09:00:00+09:00
exporter_country,XE,KCS_cntyCd,null,hs6,850450,1,XB,null,null,import_value_topk,g0,4250fa73222788dec3a38a5175e93afc319bddb7ffca22111a11fba5f8170ac9,controlled_fixture_v0,2023,2f8b7f899a1d5fb8b315864c72d12e843cb2e981df9d48e3457337f0e6b9501a,2026-09-25T09:00:00+09:00
exporter_country,XE,KCS_cntyCd,null,hs6,850450,2,XC,null,null,import_value_topk,g0,4250fa73222788dec3a38a5175e93afc319bddb7ffca22111a11fba5f8170ac9,controlled_fixture_v0,2023,2f8b7f899a1d5fb8b315864c72d12e843cb2e981df9d48e3457337f0e6b9501a,2026-09-25T09:00:00+09:00
exporter_country,XE,KCS_cntyCd,null,hs6,850450,3,XD,null,null,import_value_topk,g0,4250fa73222788dec3a38a5175e93afc319bddb7ffca22111a11fba5f8170ac9,controlled_fixture_v0,2023,2f8b7f899a1d5fb8b315864c72d12e843cb2e981df9d48e3457337f0e6b9501a,2026-09-25T09:00:00+09:00
exporter_country,XE,KCS_cntyCd,null,hs6,850450,4,XA,null,null,import_value_topk,g0,4250fa73222788dec3a38a5175e93afc319bddb7ffca22111a11fba5f8170ac9,controlled_fixture_v0,2023,2f8b7f899a1d5fb8b315864c72d12e843cb2e981df9d48e3457337f0e6b9501a,2026-09-25T09:00:00+09:00
exporter_country,XE,KCS_cntyCd,null,hs6,850450,5,XF,null,null,import_value_topk,g0,4250fa73222788dec3a38a5175e93afc319bddb7ffca22111a11fba5f8170ac9,controlled_fixture_v0,2023,2f8b7f899a1d5fb8b315864c72d12e843cb2e981df9d48e3457337f0e6b9501a,2026-09-25T09:00:00+09:00
exporter_country,XF,KCS_cntyCd,null,hs6,850450,1,XB,null,null,import_value_topk,g0,4250fa73222788dec3a38a5175e93afc319bddb7ffca22111a11fba5f8170ac9,controlled_fixture_v0,2023,2f8b7f899a1d5fb8b315864c72d12e843cb2e981df9d48e3457337f0e6b9501a,2026-09-25T09:00:00+09:00
exporter_country,XF,KCS_cntyCd,null,hs6,850450,2,XC,null,null,import_value_topk,g0,4250fa73222788dec3a38a5175e93afc319bddb7ffca22111a11fba5f8170ac9,controlled_fixture_v0,2023,2f8b7f899a1d5fb8b315864c72d12e843cb2e981df9d48e3457337f0e6b9501a,2026-09-25T09:00:00+09:00
exporter_country,XF,KCS_cntyCd,null,hs6,850450,3,XD,null,null,import_value_topk,g0,4250fa73222788dec3a38a5175e93afc319bddb7ffca22111a11fba5f8170ac9,controlled_fixture_v0,2023,2f8b7f899a1d5fb8b315864c72d12e843cb2e981df9d48e3457337f0e6b9501a,2026-09-25T09:00:00+09:00
exporter_country,XF,KCS_cntyCd,null,hs6,850450,4,XA,null,null,import_value_topk,g0,4250fa73222788dec3a38a5175e93afc319bddb7ffca22111a11fba5f8170ac9,controlled_fixture_v0,2023,2f8b7f899a1d5fb8b315864c72d12e843cb2e981df9d48e3457337f0e6b9501a,2026-09-25T09:00:00+09:00
exporter_country,XF,KCS_cntyCd,null,hs6,850450,5,XE,null,null,import_value_topk,g0,4250fa73222788dec3a38a5175e93afc319bddb7ffca22111a11fba5f8170ac9,controlled_fixture_v0,2023,2f8b7f899a1d5fb8b315864c72d12e843cb2e981df9d48e3457337f0e6b9501a,2026-09-25T09:00:00+09:00
exporter_country,XG,KCS_cntyCd,null,hs6,850450,1,XB,null,null,import_value_topk,g0,4250fa73222788dec3a38a5175e93afc319bddb7ffca22111a11fba5f8170ac9,controlled_fixture_v0,2023,2f8b7f899a1d5fb8b315864c72d12e843cb2e981df9d48e3457337f0e6b9501a,2026-09-25T09:00:00+09:00
exporter_country,XG,KCS_cntyCd,null,hs6,850450,2,XC,null,null,import_value_topk,g0,4250fa73222788dec3a38a5175e93afc319bddb7ffca22111a11fba5f8170ac9,controlled_fixture_v0,2023,2f8b7f899a1d5fb8b315864c72d12e843cb2e981df9d48e3457337f0e6b9501a,2026-09-25T09:00:00+09:00
exporter_country,XG,KCS_cntyCd,null,hs6,850450,3,XD,null,null,import_value_topk,g0,4250fa73222788dec3a38a5175e93afc319bddb7ffca22111a11fba5f8170ac9,controlled_fixture_v0,2023,2f8b7f899a1d5fb8b315864c72d12e843cb2e981df9d48e3457337f0e6b9501a,2026-09-25T09:00:00+09:00
exporter_country,XG,KCS_cntyCd,null,hs6,850450,4,XA,null,null,import_value_topk,g0,4250fa73222788dec3a38a5175e93afc319bddb7ffca22111a11fba5f8170ac9,controlled_fixture_v0,2023,2f8b7f899a1d5fb8b315864c72d12e843cb2e981df9d48e3457337f0e6b9501a,2026-09-25T09:00:00+09:00
exporter_country,XG,KCS_cntyCd,null,hs6,850450,5,XE,null,null,import_value_topk,g0,4250fa73222788dec3a38a5175e93afc319bddb7ffca22111a11fba5f8170ac9,controlled_fixture_v0,2023,2f8b7f899a1d5fb8b315864c72d12e843cb2e981df9d48e3457337f0e6b9501a,2026-09-25T09:00:00+09:00
exporter_country,XH,KCS_cntyCd,null,hs6,850450,1,XB,null,null,import_value_topk,g0,4250fa73222788dec3a38a5175e93afc319bddb7ffca22111a11fba5f8170ac9,controlled_fixture_v0,2023,2f8b7f899a1d5fb8b315864c72d12e843cb2e981df9d48e3457337f0e6b9501a,2026-09-25T09:00:00+09:00
exporter_country,XH,KCS_cntyCd,null,hs6,850450,2,XC,null,null,import_value_topk,g0,4250fa73222788dec3a38a5175e93afc319bddb7ffca22111a11fba5f8170ac9,controlled_fixture_v0,2023,2f8b7f899a1d5fb8b315864c72d12e843cb2e981df9d48e3457337f0e6b9501a,2026-09-25T09:00:00+09:00
exporter_country,XH,KCS_cntyCd,null,hs6,850450,3,XD,null,null,import_value_topk,g0,4250fa73222788dec3a38a5175e93afc319bddb7ffca22111a11fba5f8170ac9,controlled_fixture_v0,2023,2f8b7f899a1d5fb8b315864c72d12e843cb2e981df9d48e3457337f0e6b9501a,2026-09-25T09:00:00+09:00
exporter_country,XH,KCS_cntyCd,null,hs6,850450,4,XA,null,null,import_value_topk,g0,4250fa73222788dec3a38a5175e93afc319bddb7ffca22111a11fba5f8170ac9,controlled_fixture_v0,2023,2f8b7f899a1d5fb8b315864c72d12e843cb2e981df9d48e3457337f0e6b9501a,2026-09-25T09:00:00+09:00
exporter_country,XH,KCS_cntyCd,null,hs6,850450,5,XE,null,null,import_value_topk,g0,4250fa73222788dec3a38a5175e93afc319bddb7ffca22111a11fba5f8170ac9,controlled_fixture_v0,2023,2f8b7f899a1d5fb8b315864c72d12e843cb2e981df9d48e3457337f0e6b9501a,2026-09-25T09:00:00+09:00
exporter_country,XI,KCS_cntyCd,null,hs6,850450,1,XB,null,null,import_value_topk,g0,4250fa73222788dec3a38a5175e93afc319bddb7ffca22111a11fba5f8170ac9,controlled_fixture_v0,2023,2f8b7f899a1d5fb8b315864c72d12e843cb2e981df9d48e3457337f0e6b9501a,2026-09-25T09:00:00+09:00
exporter_country,XI,KCS_cntyCd,null,hs6,850450,2,XC,null,null,import_value_topk,g0,4250fa73222788dec3a38a5175e93afc319bddb7ffca22111a11fba5f8170ac9,controlled_fixture_v0,2023,2f8b7f899a1d5fb8b315864c72d12e843cb2e981df9d48e3457337f0e6b9501a,2026-09-25T09:00:00+09:00
exporter_country,XI,KCS_cntyCd,null,hs6,850450,3,XD,null,null,import_value_topk,g0,4250fa73222788dec3a38a5175e93afc319bddb7ffca22111a11fba5f8170ac9,controlled_fixture_v0,2023,2f8b7f899a1d5fb8b315864c72d12e843cb2e981df9d48e3457337f0e6b9501a,2026-09-25T09:00:00+09:00
exporter_country,XI,KCS_cntyCd,null,hs6,850450,4,XA,null,null,import_value_topk,g0,4250fa73222788dec3a38a5175e93afc319bddb7ffca22111a11fba5f8170ac9,controlled_fixture_v0,2023,2f8b7f899a1d5fb8b315864c72d12e843cb2e981df9d48e3457337f0e6b9501a,2026-09-25T09:00:00+09:00
exporter_country,XI,KCS_cntyCd,null,hs6,850450,5,XE,null,null,import_value_topk,g0,4250fa73222788dec3a38a5175e93afc319bddb7ffca22111a11fba5f8170ac9,controlled_fixture_v0,2023,2f8b7f899a1d5fb8b315864c72d12e843cb2e981df9d48e3457337f0e6b9501a,2026-09-25T09:00:00+09:00
exporter_country,XJ,KCS_cntyCd,null,hs6,850450,1,XB,null,null,import_value_topk,g0,4250fa73222788dec3a38a5175e93afc319bddb7ffca22111a11fba5f8170ac9,controlled_fixture_v0,2023,2f8b7f899a1d5fb8b315864c72d12e843cb2e981df9d48e3457337f0e6b9501a,2026-09-25T09:00:00+09:00
exporter_country,XJ,KCS_cntyCd,null,hs6,850450,2,XC,null,null,import_value_topk,g0,4250fa73222788dec3a38a5175e93afc319bddb7ffca22111a11fba5f8170ac9,controlled_fixture_v0,2023,2f8b7f899a1d5fb8b315864c72d12e843cb2e981df9d48e3457337f0e6b9501a,2026-09-25T09:00:00+09:00
exporter_country,XJ,KCS_cntyCd,null,hs6,850450,3,XD,null,null,import_value_topk,g0,4250fa73222788dec3a38a5175e93afc319bddb7ffca22111a11fba5f8170ac9,controlled_fixture_v0,2023,2f8b7f899a1d5fb8b315864c72d12e843cb2e981df9d48e3457337f0e6b9501a,2026-09-25T09:00:00+09:00
exporter_country,XJ,KCS_cntyCd,null,hs6,850450,4,XA,null,null,import_value_topk,g0,4250fa73222788dec3a38a5175e93afc319bddb7ffca22111a11fba5f8170ac9,controlled_fixture_v0,2023,2f8b7f899a1d5fb8b315864c72d12e843cb2e981df9d48e3457337f0e6b9501a,2026-09-25T09:00:00+09:00
exporter_country,XJ,KCS_cntyCd,null,hs6,850450,5,XE,null,null,import_value_topk,g0,4250fa73222788dec3a38a5175e93afc319bddb7ffca22111a11fba5f8170ac9,controlled_fixture_v0,2023,2f8b7f899a1d5fb8b315864c72d12e843cb2e981df9d48e3457337f0e6b9501a,2026-09-25T09:00:00+09:00
