entity_type,entity_id,entity_namespace,scope_type,scope_id,peer_rank,peer_id,similarity,community_id,method,grouping_version,params_hash,source_version,source_year,input_sha256,generated_at
exporter_country,CN,KCS_cntyCd,hs6,850431,1,VN,null,null,import_value_topk,g0,0123c4e8dc9e43e9a7924a2f5f96825d9e135bf992133ed417a3b116965a7d4e,kcs_202201_202412_v2,2023,afc76401431f02b4d8d5e848b197faaa197ce3dd037d66fd7ca719d7ce7bb017,2026-09-25T00:00:03+09:00
exporter_country,CN,KCS_cntyCd,hs6,850431,2,JP,null,null,import_value_topk,g0,0123c4e8dc9e43e9a7924a2f5f96825d9e135bf992133ed417a3b116965a7d4e,kcs_202201_202412_v2,2023,afc76401431f02b4d8d5e848b197faaa197ce3dd037d66fd7ca719d7ce7bb017,2026-09-25T00:00:03+09:00
exporter_country,CN,KCS_cntyCd,hs6,850431,3,US,null,null,import_value_topk,g0,0123c4e8dc9e43e9a7924a2f5f96825d9e135bf992133ed417a3b116965a7d4e,kcs_202201_202412_v2,2023,afc76401431f02b4d8d5e848b197faaa197ce3dd037d66fd7ca719d7ce7bb017,2026-09-25T00:00:03+09:00
exporter_country,CN,KCS_cntyCd,hs6,850431,4,DE,null,null,import_value_topk,g0,0123c4e8dc9e43e9a7924a2f5f96825d9e135bf992133ed417a3b116965a7d4e,kcs_202201_202412_v2,2023,afc76401431f02b4d8d5e848b197faaa197ce3dd037d66fd7ca719d7ce7bb017,2026-09-25T00:00:03+09:00
exporter_country,CN,KCS_cntyCd,hs6,850431,5,ID,null,null,import_value_topk,g0,0123c4e8dc9e43e9a7924a2f5f96825d9e135bf992133ed417a3b116965a7d4e,kcs_202201_202412_v2,2023,afc76401431f02b4d8d5e848b197faaa197ce3dd037d66fd7ca719d7ce7bb017,2026-09-25T00:00:03+09:00
exporter_country,DE,KCS_cntyCd,hs6,850431,1,CN,null,null,import_value_topk,g0,0123c4e8dc9e43e9a7924a2f5f96825d9e135bf992133ed417a3b116965a7d4e,kcs_202201_202412_v2,2023,afc76401431f02b4d8d5e848b197faaa197ce3dd037d66fd7ca719d7ce7bb017,2026-09-25T00:00:03+09:00
exporter_country,DE,KCS_cntyCd,hs6,850431,2,VN,null,null,import_value_topk,g0,0123c4e8dc9e43e9a7924a2f5f96825d9e135bf992133ed417a3b116965a7d4e,kcs_202201_202412_v2,2023,afc76401431f02b4d8d5e848b197faaa197ce3dd037d66fd7ca719d7ce7bb017,2026-09-25T00:00:03+09:00
exporter_country,DE,KCS_cntyCd,hs6,850431,3,JP,null,null,import_value_topk,g0,0123c4e8dc9e43e9a7924a2f5f96825d9e135bf992133ed417a3b116965a7d4e,kcs_202201_202412_v2,2023,afc76401431f02b4d8d5e848b197faaa197ce3dd037d66fd7ca719d7ce7bb017,2026-09-25T00:00:03+09:00
exporter_country,DE,KCS_cntyCd,hs6,850431,4,US,null,null,import_value_topk,g0,0123c4e8dc9e43e9a7924a2f5f96825d9e135bf992133ed417a3b116965a7d4e,kcs_202201_202412_v2,2023,afc76401431f02b4d8d5e848b197faaa197ce3dd037d66fd7ca719d7ce7bb017,2026-09-25T00:00:03+09:00
exporter_country,DE,KCS_cntyCd,hs6,850431,5,ID,null,null,import_value_topk,g0,0123c4e8dc9e43e9a7924a2f5f96825d9e135bf992133ed417a3b116965a7d4e,kcs_202201_202412_v2,2023,afc76401431f02b4d8d5e848b197faaa197ce3dd037d66fd7ca719d7ce7bb017,2026-09-25T00:00:03+09:00
exporter_country,FI,KCS_cntyCd,hs6,850431,1,CN,null,null,import_value_topk,g0,0123c4e8dc9e43e9a7924a2f5f96825d9e135bf992133ed417a3b116965a7d4e,kcs_202201_202412_v2,2023,afc76401431f02b4d8d5e848b197faaa197ce3dd037d66fd7ca719d7ce7bb017,2026-09-25T00:00:03+09:00
exporter_country,FI,KCS_cntyCd,hs6,850431,2,VN,null,null,import_value_topk,g0,0123c4e8dc9e43e9a7924a2f5f96825d9e135bf992133ed417a3b116965a7d4e,kcs_202201_202412_v2,2023,afc76401431f02b4d8d5e848b197faaa197ce3dd037d66fd7ca719d7ce7bb017,2026-09-25T00:00:03+09:00
exporter_country,FI,KCS_cntyCd,hs6,850431,3,JP,null,null,import_value_topk,g0,0123c4e8dc9e43e9a7924a2f5f96825d9e135bf992133ed417a3b116965a7d4e,kcs_202201_202412_v2,2023,afc76401431f02b4d8d5e848b197faaa197ce3dd037d66fd7ca719d7ce7bb017,2026-09-25T00:00:03+09:00
exporter_country,FI,KCS_cntyCd,hs6,850431,4,US,null,null,import_value_topk,g0,0123c4e8dc9e43e9a7924a2f5f96825d9e135bf992133ed417a3b116965a7d4e,kcs_202201_202412_v2,2023,afc76401431f02b4d8d5e848b197faaa197ce3dd037d66fd7ca719d7ce7bb017,2026-09-25T00:00:03+09:00
exporter_country,FI,KCS_cntyCd,hs6,850431,5,DE,null,null,import_value_topk,g0,0123c4e8dc9e43e9a7924a2f5f96825d9e135bf992133ed417a3b116965a7d4e,kcs_202201_202412_v2,2023,afc76401431f02b4d8d5e848b197faaa197ce3dd037d66fd7ca719d7ce7bb017,2026-09-25T00:00:03+09:00
exporter_country,FR,KCS_cntyCd,hs6,850431,1,CN,null,null,import_value_topk,g0,0123c4e8dc9e43e9a7924a2f5f96825d9e135bf992133ed417a3b116965a7d4e,kcs_202201_202412_v2,2023,afc76401431f02b4d8d5e848b197faaa197ce3dd037d66fd7ca719d7ce7bb017,2026-09-25T00:00:03+09:00
exporter_country,FR,KCS_cntyCd,hs6,850431,2,VN,null,null,import_value_topk,g0,0123c4e8dc9e43e9a7924a2f5f96825d9e135bf992133ed417a3b116965a7d4e,kcs_202201_202412_v2,2023,afc76401431f02b4d8d5e848b197faaa197ce3dd037d66fd7ca719d7ce7bb017,2026-09-25T00:00:03+09:00
exporter_country,FR,KCS_cntyCd,hs6,850431,3,JP,null,null,import_value_topk,g0,0123c4e8dc9e43e9a7924a2f5f96825d9e135bf992133ed417a3b116965a7d4e,kcs_202201_202412_v2,2023,afc76401431f02b4d8d5e848b197faaa197ce3dd037d66fd7ca719d7ce7bb017,2026-09-25T00:00:03+09:00
exporter_country,FR,KCS_cntyCd,hs6,850431,4,US,null,null,import_value_topk,g0,0123c4e8dc9e43e9a7924a2f5f96825d9e135bf992133ed417a3b116965a7d4e,kcs_202201_202412_v2,2023,afc76401431f02b4d8d5e848b197faaa197ce3dd037d66fd7ca719d7ce7bb017,2026-09-25T00:00:03+09:00
exporter_country,FR,KCS_cntyCd,hs6,850431,5,DE,null,null,import_value_topk,g0,0123c4e8dc9e43e9a7924a2f5f96825d9e135bf992133ed417a3b116965a7d4e,kcs_202201_202412_v2,2023,afc76401431f02b4d8d5e848b197faaa197ce3dd037d66fd7ca719d7ce7bb017,2026-09-25T00:00:03+09:00
exporter_country,ID,KCS_cntyCd,hs6,850431,1,CN,null,null,import_value_topk,g0,0123c4e8dc9e43e9a7924a2f5f96825d9e135bf992133ed417a3b116965a7d4e,kcs_202201_202412_v2,2023,afc76401431f02b4d8d5e848b197faaa197ce3dd037d66fd7ca719d7ce7bb017,2026-09-25T00:00:03+09:00
exporter_country,ID,KCS_cntyCd,hs6,850431,2,VN,null,null,import_value_topk,g0,0123c4e8dc9e43e9a7924a2f5f96825d9e135bf992133ed417a3b116965a7d4e,kcs_202201_202412_v2,2023,afc76401431f02b4d8d5e848b197faaa197ce3dd037d66fd7ca719d7ce7bb017,2026-09-25T00:00:03+09:00
exporter_country,ID,KCS_cntyCd,hs6,850431,3,JP,null,null,import_value_topk,g0,0123c4e8dc9e43e9a7924a2f5f96825d9e135bf992133ed417a3b116965a7d4e,kcs_202201_202412_v2,2023,afc76401431f02b4d8d5e848b197faaa197ce3dd037d66fd7ca719d7ce7bb017,2026-09-25T00:00:03+09:00
exporter_country,ID,KCS_cntyCd,hs6,850431,4,US,null,null,import_value_topk,g0,0123c4e8dc9e43e9a7924a2f5f96825d9e135bf992133ed417a3b116965a7d4e,kcs_202201_202412_v2,2023,afc76401431f02b4d8d5e848b197faaa197ce3dd037d66fd7ca719d7ce7bb017,2026-09-25T00:00:03+09:00
exporter_country,ID,KCS_cntyCd,hs6,850431,5,DE,null,null,import_value_topk,g0,0123c4e8dc9e43e9a7924a2f5f96825d9e135bf992133ed417a3b116965a7d4e,kcs_202201_202412_v2,2023,afc76401431f02b4d8d5e848b197faaa197ce3dd037d66fd7ca719d7ce7bb017,2026-09-25T00:00:03+09:00
exporter_country,IN,KCS_cntyCd,hs6,850431,1,CN,null,null,import_value_topk,g0,0123c4e8dc9e43e9a7924a2f5f96825d9e135bf992133ed417a3b116965a7d4e,kcs_202201_202412_v2,2023,afc76401431f02b4d8d5e848b197faaa197ce3dd037d66fd7ca719d7ce7bb017,2026-09-25T00:00:03+09:00
exporter_country,IN,KCS_cntyCd,hs6,850431,2,VN,null,null,import_value_topk,g0,0123c4e8dc9e43e9a7924a2f5f96825d9e135bf992133ed417a3b116965a7d4e,kcs_202201_202412_v2,2023,afc76401431f02b4d8d5e848b197faaa197ce3dd037d66fd7ca719d7ce7bb017,2026-09-25T00:00:03+09:00
exporter_country,IN,KCS_cntyCd,hs6,850431,3,JP,null,null,import_value_topk,g0,0123c4e8dc9e43e9a7924a2f5f96825d9e135bf992133ed417a3b116965a7d4e,kcs_202201_202412_v2,2023,afc76401431f02b4d8d5e848b197faaa197ce3dd037d66fd7ca719d7ce7bb017,2026-09-25T00:00:03+09:00
exporter_country,IN,KCS_cntyCd,hs6,850431,4,US,null,null,import_value_topk,g0,0123c4e8dc9e43e9a7924a2f5f96825d9e135bf992133ed417a3b116965a7d4e,kcs_202201_202412_v2,2023,afc76401431f02b4d8d5e848b197faaa197ce3dd037d66fd7ca719d7ce7bb017,2026-09-25T00:00:03+09:00
exporter_country,IN,KCS_cntyCd,hs6,850431,5,DE,null,null,import_value_topk,g0,0123c4e8dc9e43e9a7924a2f5f96825d9e135bf992133ed417a3b116965a7d4e,kcs_202201_202412_v2,2023,afc76401431f02b4d8d5e848b197faaa197ce3dd037d66fd7ca719d7ce7bb017,2026-09-25T00:00:03+09:00
exporter_country,JP,KCS_cntyCd,hs6,850431,1,CN,null,null,import_value_topk,g0,0123c4e8dc9e43e9a7924a2f5f96825d9e135bf992133ed417a3b116965a7d4e,kcs_202201_202412_v2,2023,afc76401431f02b4d8d5e848b197faaa197ce3dd037d66fd7ca719d7ce7bb017,2026-09-25T00:00:03+09:00
exporter_country,JP,KCS_cntyCd,hs6,850431,2,VN,null,null,import_value_topk,g0,0123c4e8dc9e43e9a7924a2f5f96825d9e135bf992133ed417a3b116965a7d4e,kcs_202201_202412_v2,2023,afc76401431f02b4d8d5e848b197faaa197ce3dd037d66fd7ca719d7ce7bb017,2026-09-25T00:00:03+09:00
exporter_country,JP,KCS_cntyCd,hs6,850431,3,US,null,null,import_value_topk,g0,0123c4e8dc9e43e9a7924a2f5f96825d9e135bf992133ed417a3b116965a7d4e,kcs_202201_202412_v2,2023,afc76401431f02b4d8d5e848b197faaa197ce3dd037d66fd7ca719d7ce7bb017,2026-09-25T00:00:03+09:00
exporter_country,JP,KCS_cntyCd,hs6,850431,4,DE,null,null,import_value_topk,g0,0123c4e8dc9e43e9a7924a2f5f96825d9e135bf992133ed417a3b116965a7d4e,kcs_202201_202412_v2,2023,afc76401431f02b4d8d5e848b197faaa197ce3dd037d66fd7ca719d7ce7bb017,2026-09-25T00:00:03+09:00
exporter_country,JP,KCS_cntyCd,hs6,850431,5,ID,null,null,import_value_topk,g0,0123c4e8dc9e43e9a7924a2f5f96825d9e135bf992133ed417a3b116965a7d4e,kcs_202201_202412_v2,2023,afc76401431f02b4d8d5e848b197faaa197ce3dd037d66fd7ca719d7ce7bb017,2026-09-25T00:00:03+09:00
exporter_country,KH,KCS_cntyCd,hs6,850431,1,CN,null,null,import_value_topk,g0,0123c4e8dc9e43e9a7924a2f5f96825d9e135bf992133ed417a3b116965a7d4e,kcs_202201_202412_v2,2023,afc76401431f02b4d8d5e848b197faaa197ce3dd037d66fd7ca719d7ce7bb017,2026-09-25T00:00:03+09:00
exporter_country,KH,KCS_cntyCd,hs6,850431,2,VN,null,null,import_value_topk,g0,0123c4e8dc9e43e9a7924a2f5f96825d9e135bf992133ed417a3b116965a7d4e,kcs_202201_202412_v2,2023,afc76401431f02b4d8d5e848b197faaa197ce3dd037d66fd7ca719d7ce7bb017,2026-09-25T00:00:03+09:00
exporter_country,KH,KCS_cntyCd,hs6,850431,3,JP,null,null,import_value_topk,g0,0123c4e8dc9e43e9a7924a2f5f96825d9e135bf992133ed417a3b116965a7d4e,kcs_202201_202412_v2,2023,afc76401431f02b4d8d5e848b197faaa197ce3dd037d66fd7ca719d7ce7bb017,2026-09-25T00:00:03+09:00
exporter_country,KH,KCS_cntyCd,hs6,850431,4,US,null,null,import_value_topk,g0,0123c4e8dc9e43e9a7924a2f5f96825d9e135bf992133ed417a3b116965a7d4e,kcs_202201_202412_v2,2023,afc76401431f02b4d8d5e848b197faaa197ce3dd037d66fd7ca719d7ce7bb017,2026-09-25T00:00:03+09:00
exporter_country,KH,KCS_cntyCd,hs6,850431,5,DE,null,null,import_value_topk,g0,0123c4e8dc9e43e9a7924a2f5f96825d9e135bf992133ed417a3b116965a7d4e,kcs_202201_202412_v2,2023,afc76401431f02b4d8d5e848b197faaa197ce3dd037d66fd7ca719d7ce7bb017,2026-09-25T00:00:03+09:00
exporter_country,MX,KCS_cntyCd,hs6,850431,1,CN,null,null,import_value_topk,g0,0123c4e8dc9e43e9a7924a2f5f96825d9e135bf992133ed417a3b116965a7d4e,kcs_202201_202412_v2,2023,afc76401431f02b4d8d5e848b197faaa197ce3dd037d66fd7ca719d7ce7bb017,2026-09-25T00:00:03+09:00
exporter_country,MX,KCS_cntyCd,hs6,850431,2,VN,null,null,import_value_topk,g0,0123c4e8dc9e43e9a7924a2f5f96825d9e135bf992133ed417a3b116965a7d4e,kcs_202201_202412_v2,2023,afc76401431f02b4d8d5e848b197faaa197ce3dd037d66fd7ca719d7ce7bb017,2026-09-25T00:00:03+09:00
exporter_country,MX,KCS_cntyCd,hs6,850431,3,JP,null,null,import_value_topk,g0,0123c4e8dc9e43e9a7924a2f5f96825d9e135bf992133ed417a3b116965a7d4e,kcs_202201_202412_v2,2023,afc76401431f02b4d8d5e848b197faaa197ce3dd037d66fd7ca719d7ce7bb017,2026-09-25T00:00:03+09:00
exporter_country,MX,KCS_cntyCd,hs6,850431,4,US,null,null,import_value_topk,g0,0123c4e8dc9e43e9a7924a2f5f96825d9e135bf992133ed417a3b116965a7d4e,kcs_202201_202412_v2,2023,afc76401431f02b4d8d5e848b197faaa197ce3dd037d66fd7ca719d7ce7bb017,2026-09-25T00:00:03+09:00
exporter_country,MX,KCS_cntyCd,hs6,850431,5,DE,null,null,import_value_topk,g0,0123c4e8dc9e43e9a7924a2f5f96825d9e135bf992133ed417a3b116965a7d4e,kcs_202201_202412_v2,2023,afc76401431f02b4d8d5e848b197faaa197ce3dd037d66fd7ca719d7ce7bb017,2026-09-25T00:00:03+09:00
exporter_country,MY,KCS_cntyCd,hs6,850431,1,CN,null,null,import_value_topk,g0,0123c4e8dc9e43e9a7924a2f5f96825d9e135bf992133ed417a3b116965a7d4e,kcs_202201_202412_v2,2023,afc76401431f02b4d8d5e848b197faaa197ce3dd037d66fd7ca719d7ce7bb017,2026-09-25T00:00:03+09:00
exporter_country,MY,KCS_cntyCd,hs6,850431,2,VN,null,null,import_value_topk,g0,0123c4e8dc9e43e9a7924a2f5f96825d9e135bf992133ed417a3b116965a7d4e,kcs_202201_202412_v2,2023,afc76401431f02b4d8d5e848b197faaa197ce3dd037d66fd7ca719d7ce7bb017,2026-09-25T00:00:03+09:00
exporter_country,MY,KCS_cntyCd,hs6,850431,3,JP,null,null,import_value_topk,g0,0123c4e8dc9e43e9a7924a2f5f96825d9e135bf992133ed417a3b116965a7d4e,kcs_202201_202412_v2,2023,afc76401431f02b4d8d5e848b197faaa197ce3dd037d66fd7ca719d7ce7bb017,2026-09-25T00:00:03+09:00
exporter_country,MY,KCS_cntyCd,hs6,850431,4,US,null,null,import_value_topk,g0,0123c4e8dc9e43e9a7924a2f5f96825d9e135bf992133ed417a3b116965a7d4e,kcs_202201_202412_v2,2023,afc76401431f02b4d8d5e848b197faaa197ce3dd037d66fd7ca719d7ce7bb017,2026-09-25T00:00:03+09:00
exporter_country,MY,KCS_cntyCd,hs6,850431,5,DE,null,null,import_value_topk,g0,0123c4e8dc9e43e9a7924a2f5f96825d9e135bf992133ed417a3b116965a7d4e,kcs_202201_202412_v2,2023,afc76401431f02b4d8d5e848b197faaa197ce3dd037d66fd7ca719d7ce7bb017,2026-09-25T00:00:03+09:00
exporter_country,NL,KCS_cntyCd,hs6,850431,1,CN,null,null,import_value_topk,g0,0123c4e8dc9e43e9a7924a2f5f96825d9e135bf992133ed417a3b116965a7d4e,kcs_202201_202412_v2,2023,afc76401431f02b4d8d5e848b197faaa197ce3dd037d66fd7ca719d7ce7bb017,2026-09-25T00:00:03+09:00
exporter_country,NL,KCS_cntyCd,hs6,850431,2,VN,null,null,import_value_topk,g0,0123c4e8dc9e43e9a7924a2f5f96825d9e135bf992133ed417a3b116965a7d4e,kcs_202201_202412_v2,2023,afc76401431f02b4d8d5e848b197faaa197ce3dd037d66fd7ca719d7ce7bb017,2026-09-25T00:00:03+09:00
exporter_country,NL,KCS_cntyCd,hs6,850431,3,JP,null,null,import_value_topk,g0,0123c4e8dc9e43e9a7924a2f5f96825d9e135bf992133ed417a3b116965a7d4e,kcs_202201_202412_v2,2023,afc76401431f02b4d8d5e848b197faaa197ce3dd037d66fd7ca719d7ce7bb017,2026-09-25T00:00:03+09:00
exporter_country,NL,KCS_cntyCd,hs6,850431,4,US,null,null,import_value_topk,g0,0123c4e8dc9e43e9a7924a2f5f96825d9e135bf992133ed417a3b116965a7d4e,kcs_202201_202412_v2,2023,afc76401431f02b4d8d5e848b197faaa197ce3dd037d66fd7ca719d7ce7bb017,2026-09-25T00:00:03+09:00
exporter_country,NL,KCS_cntyCd,hs6,850431,5,DE,null,null,import_value_topk,g0,0123c4e8dc9e43e9a7924a2f5f96825d9e135bf992133ed417a3b116965a7d4e,kcs_202201_202412_v2,2023,afc76401431f02b4d8d5e848b197faaa197ce3dd037d66fd7ca719d7ce7bb017,2026-09-25T00:00:03+09:00
exporter_country,PH,KCS_cntyCd,hs6,850431,1,CN,null,null,import_value_topk,g0,0123c4e8dc9e43e9a7924a2f5f96825d9e135bf992133ed417a3b116965a7d4e,kcs_202201_202412_v2,2023,afc76401431f02b4d8d5e848b197faaa197ce3dd037d66fd7ca719d7ce7bb017,2026-09-25T00:00:03+09:00
exporter_country,PH,KCS_cntyCd,hs6,850431,2,VN,null,null,import_value_topk,g0,0123c4e8dc9e43e9a7924a2f5f96825d9e135bf992133ed417a3b116965a7d4e,kcs_202201_202412_v2,2023,afc76401431f02b4d8d5e848b197faaa197ce3dd037d66fd7ca719d7ce7bb017,2026-09-25T00:00:03+09:00
exporter_country,PH,KCS_cntyCd,hs6,850431,3,JP,null,null,import_value_topk,g0,0123c4e8dc9e43e9a7924a2f5f96825d9e135bf992133ed417a3b116965a7d4e,kcs_202201_202412_v2,2023,afc76401431f02b4d8d5e848b197faaa197ce3dd037d66fd7ca719d7ce7bb017,2026-09-25T00:00:03+09:00
exporter_country,PH,KCS_cntyCd,hs6,850431,4,US,null,null,import_value_topk,g0,0123c4e8dc9e43e9a7924a2f5f96825d9e135bf992133ed417a3b116965a7d4e,kcs_202201_202412_v2,2023,afc76401431f02b4d8d5e848b197faaa197ce3dd037d66fd7ca719d7ce7bb017,2026-09-25T00:00:03+09:00
exporter_country,PH,KCS_cntyCd,hs6,850431,5,DE,null,null,import_value_topk,g0,0123c4e8dc9e43e9a7924a2f5f96825d9e135bf992133ed417a3b116965a7d4e,kcs_202201_202412_v2,2023,afc76401431f02b4d8d5e848b197faaa197ce3dd037d66fd7ca719d7ce7bb017,2026-09-25T00:00:03+09:00
exporter_country,SE,KCS_cntyCd,hs6,850431,1,CN,null,null,import_value_topk,g0,0123c4e8dc9e43e9a7924a2f5f96825d9e135bf992133ed417a3b116965a7d4e,kcs_202201_202412_v2,2023,afc76401431f02b4d8d5e848b197faaa197ce3dd037d66fd7ca719d7ce7bb017,2026-09-25T00:00:03+09:00
exporter_country,SE,KCS_cntyCd,hs6,850431,2,VN,null,null,import_value_topk,g0,0123c4e8dc9e43e9a7924a2f5f96825d9e135bf992133ed417a3b116965a7d4e,kcs_202201_202412_v2,2023,afc76401431f02b4d8d5e848b197faaa197ce3dd037d66fd7ca719d7ce7bb017,2026-09-25T00:00:03+09:00
exporter_country,SE,KCS_cntyCd,hs6,850431,3,JP,null,null,import_value_topk,g0,0123c4e8dc9e43e9a7924a2f5f96825d9e135bf992133ed417a3b116965a7d4e,kcs_202201_202412_v2,2023,afc76401431f02b4d8d5e848b197faaa197ce3dd037d66fd7ca719d7ce7bb017,2026-09-25T00:00:03+09:00
exporter_country,SE,KCS_cntyCd,hs6,850431,4,US,null,null,import_value_topk,g0,0123c4e8dc9e43e9a7924a2f5f96825d9e135bf992133ed417a3b116965a7d4e,kcs_202201_202412_v2,2023,afc76401431f02b4d8d5e848b197faaa197ce3dd037d66fd7ca719d7ce7bb017,2026-09-25T00:00:03+09:00
exporter_country,SE,KCS_cntyCd,hs6,850431,5,DE,null,null,import_value_topk,g0,0123c4e8dc9e43e9a7924a2f5f96825d9e135bf992133ed417a3b116965a7d4e,kcs_202201_202412_v2,2023,afc76401431f02b4d8d5e848b197faaa197ce3dd037d66fd7ca719d7ce7bb017,2026-09-25T00:00:03+09:00
exporter_country,TW,KCS_cntyCd,hs6,850431,1,CN,null,null,import_value_topk,g0,0123c4e8dc9e43e9a7924a2f5f96825d9e135bf992133ed417a3b116965a7d4e,kcs_202201_202412_v2,2023,afc76401431f02b4d8d5e848b197faaa197ce3dd037d66fd7ca719d7ce7bb017,2026-09-25T00:00:03+09:00
exporter_country,TW,KCS_cntyCd,hs6,850431,2,VN,null,null,import_value_topk,g0,0123c4e8dc9e43e9a7924a2f5f96825d9e135bf992133ed417a3b116965a7d4e,kcs_202201_202412_v2,2023,afc76401431f02b4d8d5e848b197faaa197ce3dd037d66fd7ca719d7ce7bb017,2026-09-25T00:00:03+09:00
exporter_country,TW,KCS_cntyCd,hs6,850431,3,JP,null,null,import_value_topk,g0,0123c4e8dc9e43e9a7924a2f5f96825d9e135bf992133ed417a3b116965a7d4e,kcs_202201_202412_v2,2023,afc76401431f02b4d8d5e848b197faaa197ce3dd037d66fd7ca719d7ce7bb017,2026-09-25T00:00:03+09:00
exporter_country,TW,KCS_cntyCd,hs6,850431,4,US,null,null,import_value_topk,g0,0123c4e8dc9e43e9a7924a2f5f96825d9e135bf992133ed417a3b116965a7d4e,kcs_202201_202412_v2,2023,afc76401431f02b4d8d5e848b197faaa197ce3dd037d66fd7ca719d7ce7bb017,2026-09-25T00:00:03+09:00
exporter_country,TW,KCS_cntyCd,hs6,850431,5,DE,null,null,import_value_topk,g0,0123c4e8dc9e43e9a7924a2f5f96825d9e135bf992133ed417a3b116965a7d4e,kcs_202201_202412_v2,2023,afc76401431f02b4d8d5e848b197faaa197ce3dd037d66fd7ca719d7ce7bb017,2026-09-25T00:00:03+09:00
exporter_country,US,KCS_cntyCd,hs6,850431,1,CN,null,null,import_value_topk,g0,0123c4e8dc9e43e9a7924a2f5f96825d9e135bf992133ed417a3b116965a7d4e,kcs_202201_202412_v2,2023,afc76401431f02b4d8d5e848b197faaa197ce3dd037d66fd7ca719d7ce7bb017,2026-09-25T00:00:03+09:00
exporter_country,US,KCS_cntyCd,hs6,850431,2,VN,null,null,import_value_topk,g0,0123c4e8dc9e43e9a7924a2f5f96825d9e135bf992133ed417a3b116965a7d4e,kcs_202201_202412_v2,2023,afc76401431f02b4d8d5e848b197faaa197ce3dd037d66fd7ca719d7ce7bb017,2026-09-25T00:00:03+09:00
exporter_country,US,KCS_cntyCd,hs6,850431,3,JP,null,null,import_value_topk,g0,0123c4e8dc9e43e9a7924a2f5f96825d9e135bf992133ed417a3b116965a7d4e,kcs_202201_202412_v2,2023,afc76401431f02b4d8d5e848b197faaa197ce3dd037d66fd7ca719d7ce7bb017,2026-09-25T00:00:03+09:00
exporter_country,US,KCS_cntyCd,hs6,850431,4,DE,null,null,import_value_topk,g0,0123c4e8dc9e43e9a7924a2f5f96825d9e135bf992133ed417a3b116965a7d4e,kcs_202201_202412_v2,2023,afc76401431f02b4d8d5e848b197faaa197ce3dd037d66fd7ca719d7ce7bb017,2026-09-25T00:00:03+09:00
exporter_country,US,KCS_cntyCd,hs6,850431,5,ID,null,null,import_value_topk,g0,0123c4e8dc9e43e9a7924a2f5f96825d9e135bf992133ed417a3b116965a7d4e,kcs_202201_202412_v2,2023,afc76401431f02b4d8d5e848b197faaa197ce3dd037d66fd7ca719d7ce7bb017,2026-09-25T00:00:03+09:00
exporter_country,VN,KCS_cntyCd,hs6,850431,1,CN,null,null,import_value_topk,g0,0123c4e8dc9e43e9a7924a2f5f96825d9e135bf992133ed417a3b116965a7d4e,kcs_202201_202412_v2,2023,afc76401431f02b4d8d5e848b197faaa197ce3dd037d66fd7ca719d7ce7bb017,2026-09-25T00:00:03+09:00
exporter_country,VN,KCS_cntyCd,hs6,850431,2,JP,null,null,import_value_topk,g0,0123c4e8dc9e43e9a7924a2f5f96825d9e135bf992133ed417a3b116965a7d4e,kcs_202201_202412_v2,2023,afc76401431f02b4d8d5e848b197faaa197ce3dd037d66fd7ca719d7ce7bb017,2026-09-25T00:00:03+09:00
exporter_country,VN,KCS_cntyCd,hs6,850431,3,US,null,null,import_value_topk,g0,0123c4e8dc9e43e9a7924a2f5f96825d9e135bf992133ed417a3b116965a7d4e,kcs_202201_202412_v2,2023,afc76401431f02b4d8d5e848b197faaa197ce3dd037d66fd7ca719d7ce7bb017,2026-09-25T00:00:03+09:00
exporter_country,VN,KCS_cntyCd,hs6,850431,4,DE,null,null,import_value_topk,g0,0123c4e8dc9e43e9a7924a2f5f96825d9e135bf992133ed417a3b116965a7d4e,kcs_202201_202412_v2,2023,afc76401431f02b4d8d5e848b197faaa197ce3dd037d66fd7ca719d7ce7bb017,2026-09-25T00:00:03+09:00
exporter_country,VN,KCS_cntyCd,hs6,850431,5,ID,null,null,import_value_topk,g0,0123c4e8dc9e43e9a7924a2f5f96825d9e135bf992133ed417a3b116965a7d4e,kcs_202201_202412_v2,2023,afc76401431f02b4d8d5e848b197faaa197ce3dd037d66fd7ca719d7ce7bb017,2026-09-25T00:00:03+09:00
exporter_country,CN,KCS_cntyCd,hs6,850432,1,VN,null,null,import_value_topk,g0,0123c4e8dc9e43e9a7924a2f5f96825d9e135bf992133ed417a3b116965a7d4e,kcs_202201_202412_v2,2023,afc76401431f02b4d8d5e848b197faaa197ce3dd037d66fd7ca719d7ce7bb017,2026-09-25T00:00:03+09:00
exporter_country,CN,KCS_cntyCd,hs6,850432,2,PH,null,null,import_value_topk,g0,0123c4e8dc9e43e9a7924a2f5f96825d9e135bf992133ed417a3b116965a7d4e,kcs_202201_202412_v2,2023,afc76401431f02b4d8d5e848b197faaa197ce3dd037d66fd7ca719d7ce7bb017,2026-09-25T00:00:03+09:00
exporter_country,CN,KCS_cntyCd,hs6,850432,3,US,null,null,import_value_topk,g0,0123c4e8dc9e43e9a7924a2f5f96825d9e135bf992133ed417a3b116965a7d4e,kcs_202201_202412_v2,2023,afc76401431f02b4d8d5e848b197faaa197ce3dd037d66fd7ca719d7ce7bb017,2026-09-25T00:00:03+09:00
exporter_country,CN,KCS_cntyCd,hs6,850432,4,DE,null,null,import_value_topk,g0,0123c4e8dc9e43e9a7924a2f5f96825d9e135bf992133ed417a3b116965a7d4e,kcs_202201_202412_v2,2023,afc76401431f02b4d8d5e848b197faaa197ce3dd037d66fd7ca719d7ce7bb017,2026-09-25T00:00:03+09:00
exporter_country,CN,KCS_cntyCd,hs6,850432,5,JP,null,null,import_value_topk,g0,0123c4e8dc9e43e9a7924a2f5f96825d9e135bf992133ed417a3b116965a7d4e,kcs_202201_202412_v2,2023,afc76401431f02b4d8d5e848b197faaa197ce3dd037d66fd7ca719d7ce7bb017,2026-09-25T00:00:03+09:00
exporter_country,DE,KCS_cntyCd,hs6,850432,1,VN,null,null,import_value_topk,g0,0123c4e8dc9e43e9a7924a2f5f96825d9e135bf992133ed417a3b116965a7d4e,kcs_202201_202412_v2,2023,afc76401431f02b4d8d5e848b197faaa197ce3dd037d66fd7ca719d7ce7bb017,2026-09-25T00:00:03+09:00
exporter_country,DE,KCS_cntyCd,hs6,850432,2,CN,null,null,import_value_topk,g0,0123c4e8dc9e43e9a7924a2f5f96825d9e135bf992133ed417a3b116965a7d4e,kcs_202201_202412_v2,2023,afc76401431f02b4d8d5e848b197faaa197ce3dd037d66fd7ca719d7ce7bb017,2026-09-25T00:00:03+09:00
exporter_country,DE,KCS_cntyCd,hs6,850432,3,PH,null,null,import_value_topk,g0,0123c4e8dc9e43e9a7924a2f5f96825d9e135bf992133ed417a3b116965a7d4e,kcs_202201_202412_v2,2023,afc76401431f02b4d8d5e848b197faaa197ce3dd037d66fd7ca719d7ce7bb017,2026-09-25T00:00:03+09:00
exporter_country,DE,KCS_cntyCd,hs6,850432,4,US,null,null,import_value_topk,g0,0123c4e8dc9e43e9a7924a2f5f96825d9e135bf992133ed417a3b116965a7d4e,kcs_202201_202412_v2,2023,afc76401431f02b4d8d5e848b197faaa197ce3dd037d66fd7ca719d7ce7bb017,2026-09-25T00:00:03+09:00
exporter_country,DE,KCS_cntyCd,hs6,850432,5,JP,null,null,import_value_topk,g0,0123c4e8dc9e43e9a7924a2f5f96825d9e135bf992133ed417a3b116965a7d4e,kcs_202201_202412_v2,2023,afc76401431f02b4d8d5e848b197faaa197ce3dd037d66fd7ca719d7ce7bb017,2026-09-25T00:00:03+09:00
exporter_country,FI,KCS_cntyCd,hs6,850432,1,VN,null,null,import_value_topk,g0,0123c4e8dc9e43e9a7924a2f5f96825d9e135bf992133ed417a3b116965a7d4e,kcs_202201_202412_v2,2023,afc76401431f02b4d8d5e848b197faaa197ce3dd037d66fd7ca719d7ce7bb017,2026-09-25T00:00:03+09:00
exporter_country,FI,KCS_cntyCd,hs6,850432,2,CN,null,null,import_value_topk,g0,0123c4e8dc9e43e9a7924a2f5f96825d9e135bf992133ed417a3b116965a7d4e,kcs_202201_202412_v2,2023,afc76401431f02b4d8d5e848b197faaa197ce3dd037d66fd7ca719d7ce7bb017,2026-09-25T00:00:03+09:00
exporter_country,FI,KCS_cntyCd,hs6,850432,3,PH,null,null,import_value_topk,g0,0123c4e8dc9e43e9a7924a2f5f96825d9e135bf992133ed417a3b116965a7d4e,kcs_202201_202412_v2,2023,afc76401431f02b4d8d5e848b197faaa197ce3dd037d66fd7ca719d7ce7bb017,2026-09-25T00:00:03+09:00
exporter_country,FI,KCS_cntyCd,hs6,850432,4,US,null,null,import_value_topk,g0,0123c4e8dc9e43e9a7924a2f5f96825d9e135bf992133ed417a3b116965a7d4e,kcs_202201_202412_v2,2023,afc76401431f02b4d8d5e848b197faaa197ce3dd037d66fd7ca719d7ce7bb017,2026-09-25T00:00:03+09:00
exporter_country,FI,KCS_cntyCd,hs6,850432,5,DE,null,null,import_value_topk,g0,0123c4e8dc9e43e9a7924a2f5f96825d9e135bf992133ed417a3b116965a7d4e,kcs_202201_202412_v2,2023,afc76401431f02b4d8d5e848b197faaa197ce3dd037d66fd7ca719d7ce7bb017,2026-09-25T00:00:03+09:00
exporter_country,FR,KCS_cntyCd,hs6,850432,1,VN,null,null,import_value_topk,g0,0123c4e8dc9e43e9a7924a2f5f96825d9e135bf992133ed417a3b116965a7d4e,kcs_202201_202412_v2,2023,afc76401431f02b4d8d5e848b197faaa197ce3dd037d66fd7ca719d7ce7bb017,2026-09-25T00:00:03+09:00
exporter_country,FR,KCS_cntyCd,hs6,850432,2,CN,null,null,import_value_topk,g0,0123c4e8dc9e43e9a7924a2f5f96825d9e135bf992133ed417a3b116965a7d4e,kcs_202201_202412_v2,2023,afc76401431f02b4d8d5e848b197faaa197ce3dd037d66fd7ca719d7ce7bb017,2026-09-25T00:00:03+09:00
exporter_country,FR,KCS_cntyCd,hs6,850432,3,PH,null,null,import_value_topk,g0,0123c4e8dc9e43e9a7924a2f5f96825d9e135bf992133ed417a3b116965a7d4e,kcs_202201_202412_v2,2023,afc76401431f02b4d8d5e848b197faaa197ce3dd037d66fd7ca719d7ce7bb017,2026-09-25T00:00:03+09:00
exporter_country,FR,KCS_cntyCd,hs6,850432,4,US,null,null,import_value_topk,g0,0123c4e8dc9e43e9a7924a2f5f96825d9e135bf992133ed417a3b116965a7d4e,kcs_202201_202412_v2,2023,afc76401431f02b4d8d5e848b197faaa197ce3dd037d66fd7ca719d7ce7bb017,2026-09-25T00:00:03+09:00
exporter_country,FR,KCS_cntyCd,hs6,850432,5,DE,null,null,import_value_topk,g0,0123c4e8dc9e43e9a7924a2f5f96825d9e135bf992133ed417a3b116965a7d4e,kcs_202201_202412_v2,2023,afc76401431f02b4d8d5e848b197faaa197ce3dd037d66fd7ca719d7ce7bb017,2026-09-25T00:00:03+09:00
exporter_country,ID,KCS_cntyCd,hs6,850432,1,VN,null,null,import_value_topk,g0,0123c4e8dc9e43e9a7924a2f5f96825d9e135bf992133ed417a3b116965a7d4e,kcs_202201_202412_v2,2023,afc76401431f02b4d8d5e848b197faaa197ce3dd037d66fd7ca719d7ce7bb017,2026-09-25T00:00:03+09:00
exporter_country,ID,KCS_cntyCd,hs6,850432,2,CN,null,null,import_value_topk,g0,0123c4e8dc9e43e9a7924a2f5f96825d9e135bf992133ed417a3b116965a7d4e,kcs_202201_202412_v2,2023,afc76401431f02b4d8d5e848b197faaa197ce3dd037d66fd7ca719d7ce7bb017,2026-09-25T00:00:03+09:00
exporter_country,ID,KCS_cntyCd,hs6,850432,3,PH,null,null,import_value_topk,g0,0123c4e8dc9e43e9a7924a2f5f96825d9e135bf992133ed417a3b116965a7d4e,kcs_202201_202412_v2,2023,afc76401431f02b4d8d5e848b197faaa197ce3dd037d66fd7ca719d7ce7bb017,2026-09-25T00:00:03+09:00
exporter_country,ID,KCS_cntyCd,hs6,850432,4,US,null,null,import_value_topk,g0,0123c4e8dc9e43e9a7924a2f5f96825d9e135bf992133ed417a3b116965a7d4e,kcs_202201_202412_v2,2023,afc76401431f02b4d8d5e848b197faaa197ce3dd037d66fd7ca719d7ce7bb017,2026-09-25T00:00:03+09:00
exporter_country,ID,KCS_cntyCd,hs6,850432,5,DE,null,null,import_value_topk,g0,0123c4e8dc9e43e9a7924a2f5f96825d9e135bf992133ed417a3b116965a7d4e,kcs_202201_202412_v2,2023,afc76401431f02b4d8d5e848b197faaa197ce3dd037d66fd7ca719d7ce7bb017,2026-09-25T00:00:03+09:00
exporter_country,IN,KCS_cntyCd,hs6,850432,1,VN,null,null,import_value_topk,g0,0123c4e8dc9e43e9a7924a2f5f96825d9e135bf992133ed417a3b116965a7d4e,kcs_202201_202412_v2,2023,afc76401431f02b4d8d5e848b197faaa197ce3dd037d66fd7ca719d7ce7bb017,2026-09-25T00:00:03+09:00
exporter_country,IN,KCS_cntyCd,hs6,850432,2,CN,null,null,import_value_topk,g0,0123c4e8dc9e43e9a7924a2f5f96825d9e135bf992133ed417a3b116965a7d4e,kcs_202201_202412_v2,2023,afc76401431f02b4d8d5e848b197faaa197ce3dd037d66fd7ca719d7ce7bb017,2026-09-25T00:00:03+09:00
exporter_country,IN,KCS_cntyCd,hs6,850432,3,PH,null,null,import_value_topk,g0,0123c4e8dc9e43e9a7924a2f5f96825d9e135bf992133ed417a3b116965a7d4e,kcs_202201_202412_v2,2023,afc76401431f02b4d8d5e848b197faaa197ce3dd037d66fd7ca719d7ce7bb017,2026-09-25T00:00:03+09:00
exporter_country,IN,KCS_cntyCd,hs6,850432,4,US,null,null,import_value_topk,g0,0123c4e8dc9e43e9a7924a2f5f96825d9e135bf992133ed417a3b116965a7d4e,kcs_202201_202412_v2,2023,afc76401431f02b4d8d5e848b197faaa197ce3dd037d66fd7ca719d7ce7bb017,2026-09-25T00:00:03+09:00
exporter_country,IN,KCS_cntyCd,hs6,850432,5,DE,null,null,import_value_topk,g0,0123c4e8dc9e43e9a7924a2f5f96825d9e135bf992133ed417a3b116965a7d4e,kcs_202201_202412_v2,2023,afc76401431f02b4d8d5e848b197faaa197ce3dd037d66fd7ca719d7ce7bb017,2026-09-25T00:00:03+09:00
exporter_country,JP,KCS_cntyCd,hs6,850432,1,VN,null,null,import_value_topk,g0,0123c4e8dc9e43e9a7924a2f5f96825d9e135bf992133ed417a3b116965a7d4e,kcs_202201_202412_v2,2023,afc76401431f02b4d8d5e848b197faaa197ce3dd037d66fd7ca719d7ce7bb017,2026-09-25T00:00:03+09:00
exporter_country,JP,KCS_cntyCd,hs6,850432,2,CN,null,null,import_value_topk,g0,0123c4e8dc9e43e9a7924a2f5f96825d9e135bf992133ed417a3b116965a7d4e,kcs_202201_202412_v2,2023,afc76401431f02b4d8d5e848b197faaa197ce3dd037d66fd7ca719d7ce7bb017,2026-09-25T00:00:03+09:00
exporter_country,JP,KCS_cntyCd,hs6,850432,3,PH,null,null,import_value_topk,g0,0123c4e8dc9e43e9a7924a2f5f96825d9e135bf992133ed417a3b116965a7d4e,kcs_202201_202412_v2,2023,afc76401431f02b4d8d5e848b197faaa197ce3dd037d66fd7ca719d7ce7bb017,2026-09-25T00:00:03+09:00
exporter_country,JP,KCS_cntyCd,hs6,850432,4,US,null,null,import_value_topk,g0,0123c4e8dc9e43e9a7924a2f5f96825d9e135bf992133ed417a3b116965a7d4e,kcs_202201_202412_v2,2023,afc76401431f02b4d8d5e848b197faaa197ce3dd037d66fd7ca719d7ce7bb017,2026-09-25T00:00:03+09:00
exporter_country,JP,KCS_cntyCd,hs6,850432,5,DE,null,null,import_value_topk,g0,0123c4e8dc9e43e9a7924a2f5f96825d9e135bf992133ed417a3b116965a7d4e,kcs_202201_202412_v2,2023,afc76401431f02b4d8d5e848b197faaa197ce3dd037d66fd7ca719d7ce7bb017,2026-09-25T00:00:03+09:00
exporter_country,KH,KCS_cntyCd,hs6,850432,1,VN,null,null,import_value_topk,g0,0123c4e8dc9e43e9a7924a2f5f96825d9e135bf992133ed417a3b116965a7d4e,kcs_202201_202412_v2,2023,afc76401431f02b4d8d5e848b197faaa197ce3dd037d66fd7ca719d7ce7bb017,2026-09-25T00:00:03+09:00
exporter_country,KH,KCS_cntyCd,hs6,850432,2,CN,null,null,import_value_topk,g0,0123c4e8dc9e43e9a7924a2f5f96825d9e135bf992133ed417a3b116965a7d4e,kcs_202201_202412_v2,2023,afc76401431f02b4d8d5e848b197faaa197ce3dd037d66fd7ca719d7ce7bb017,2026-09-25T00:00:03+09:00
exporter_country,KH,KCS_cntyCd,hs6,850432,3,PH,null,null,import_value_topk,g0,0123c4e8dc9e43e9a7924a2f5f96825d9e135bf992133ed417a3b116965a7d4e,kcs_202201_202412_v2,2023,afc76401431f02b4d8d5e848b197faaa197ce3dd037d66fd7ca719d7ce7bb017,2026-09-25T00:00:03+09:00
exporter_country,KH,KCS_cntyCd,hs6,850432,4,US,null,null,import_value_topk,g0,0123c4e8dc9e43e9a7924a2f5f96825d9e135bf992133ed417a3b116965a7d4e,kcs_202201_202412_v2,2023,afc76401431f02b4d8d5e848b197faaa197ce3dd037d66fd7ca719d7ce7bb017,2026-09-25T00:00:03+09:00
exporter_country,KH,KCS_cntyCd,hs6,850432,5,DE,null,null,import_value_topk,g0,0123c4e8dc9e43e9a7924a2f5f96825d9e135bf992133ed417a3b116965a7d4e,kcs_202201_202412_v2,2023,afc76401431f02b4d8d5e848b197faaa197ce3dd037d66fd7ca719d7ce7bb017,2026-09-25T00:00:03+09:00
exporter_country,MX,KCS_cntyCd,hs6,850432,1,VN,null,null,import_value_topk,g0,0123c4e8dc9e43e9a7924a2f5f96825d9e135bf992133ed417a3b116965a7d4e,kcs_202201_202412_v2,2023,afc76401431f02b4d8d5e848b197faaa197ce3dd037d66fd7ca719d7ce7bb017,2026-09-25T00:00:03+09:00
exporter_country,MX,KCS_cntyCd,hs6,850432,2,CN,null,null,import_value_topk,g0,0123c4e8dc9e43e9a7924a2f5f96825d9e135bf992133ed417a3b116965a7d4e,kcs_202201_202412_v2,2023,afc76401431f02b4d8d5e848b197faaa197ce3dd037d66fd7ca719d7ce7bb017,2026-09-25T00:00:03+09:00
exporter_country,MX,KCS_cntyCd,hs6,850432,3,PH,null,null,import_value_topk,g0,0123c4e8dc9e43e9a7924a2f5f96825d9e135bf992133ed417a3b116965a7d4e,kcs_202201_202412_v2,2023,afc76401431f02b4d8d5e848b197faaa197ce3dd037d66fd7ca719d7ce7bb017,2026-09-25T00:00:03+09:00
exporter_country,MX,KCS_cntyCd,hs6,850432,4,US,null,null,import_value_topk,g0,0123c4e8dc9e43e9a7924a2f5f96825d9e135bf992133ed417a3b116965a7d4e,kcs_202201_202412_v2,2023,afc76401431f02b4d8d5e848b197faaa197ce3dd037d66fd7ca719d7ce7bb017,2026-09-25T00:00:03+09:00
exporter_country,MX,KCS_cntyCd,hs6,850432,5,DE,null,null,import_value_topk,g0,0123c4e8dc9e43e9a7924a2f5f96825d9e135bf992133ed417a3b116965a7d4e,kcs_202201_202412_v2,2023,afc76401431f02b4d8d5e848b197faaa197ce3dd037d66fd7ca719d7ce7bb017,2026-09-25T00:00:03+09:00
exporter_country,MY,KCS_cntyCd,hs6,850432,1,VN,null,null,import_value_topk,g0,0123c4e8dc9e43e9a7924a2f5f96825d9e135bf992133ed417a3b116965a7d4e,kcs_202201_202412_v2,2023,afc76401431f02b4d8d5e848b197faaa197ce3dd037d66fd7ca719d7ce7bb017,2026-09-25T00:00:03+09:00
exporter_country,MY,KCS_cntyCd,hs6,850432,2,CN,null,null,import_value_topk,g0,0123c4e8dc9e43e9a7924a2f5f96825d9e135bf992133ed417a3b116965a7d4e,kcs_202201_202412_v2,2023,afc76401431f02b4d8d5e848b197faaa197ce3dd037d66fd7ca719d7ce7bb017,2026-09-25T00:00:03+09:00
exporter_country,MY,KCS_cntyCd,hs6,850432,3,PH,null,null,import_value_topk,g0,0123c4e8dc9e43e9a7924a2f5f96825d9e135bf992133ed417a3b116965a7d4e,kcs_202201_202412_v2,2023,afc76401431f02b4d8d5e848b197faaa197ce3dd037d66fd7ca719d7ce7bb017,2026-09-25T00:00:03+09:00
exporter_country,MY,KCS_cntyCd,hs6,850432,4,US,null,null,import_value_topk,g0,0123c4e8dc9e43e9a7924a2f5f96825d9e135bf992133ed417a3b116965a7d4e,kcs_202201_202412_v2,2023,afc76401431f02b4d8d5e848b197faaa197ce3dd037d66fd7ca719d7ce7bb017,2026-09-25T00:00:03+09:00
exporter_country,MY,KCS_cntyCd,hs6,850432,5,DE,null,null,import_value_topk,g0,0123c4e8dc9e43e9a7924a2f5f96825d9e135bf992133ed417a3b116965a7d4e,kcs_202201_202412_v2,2023,afc76401431f02b4d8d5e848b197faaa197ce3dd037d66fd7ca719d7ce7bb017,2026-09-25T00:00:03+09:00
exporter_country,NL,KCS_cntyCd,hs6,850432,1,VN,null,null,import_value_topk,g0,0123c4e8dc9e43e9a7924a2f5f96825d9e135bf992133ed417a3b116965a7d4e,kcs_202201_202412_v2,2023,afc76401431f02b4d8d5e848b197faaa197ce3dd037d66fd7ca719d7ce7bb017,2026-09-25T00:00:03+09:00
exporter_country,NL,KCS_cntyCd,hs6,850432,2,CN,null,null,import_value_topk,g0,0123c4e8dc9e43e9a7924a2f5f96825d9e135bf992133ed417a3b116965a7d4e,kcs_202201_202412_v2,2023,afc76401431f02b4d8d5e848b197faaa197ce3dd037d66fd7ca719d7ce7bb017,2026-09-25T00:00:03+09:00
exporter_country,NL,KCS_cntyCd,hs6,850432,3,PH,null,null,import_value_topk,g0,0123c4e8dc9e43e9a7924a2f5f96825d9e135bf992133ed417a3b116965a7d4e,kcs_202201_202412_v2,2023,afc76401431f02b4d8d5e848b197faaa197ce3dd037d66fd7ca719d7ce7bb017,2026-09-25T00:00:03+09:00
exporter_country,NL,KCS_cntyCd,hs6,850432,4,US,null,null,import_value_topk,g0,0123c4e8dc9e43e9a7924a2f5f96825d9e135bf992133ed417a3b116965a7d4e,kcs_202201_202412_v2,2023,afc76401431f02b4d8d5e848b197faaa197ce3dd037d66fd7ca719d7ce7bb017,2026-09-25T00:00:03+09:00
exporter_country,NL,KCS_cntyCd,hs6,850432,5,DE,null,null,import_value_topk,g0,0123c4e8dc9e43e9a7924a2f5f96825d9e135bf992133ed417a3b116965a7d4e,kcs_202201_202412_v2,2023,afc76401431f02b4d8d5e848b197faaa197ce3dd037d66fd7ca719d7ce7bb017,2026-09-25T00:00:03+09:00
exporter_country,PH,KCS_cntyCd,hs6,850432,1,VN,null,null,import_value_topk,g0,0123c4e8dc9e43e9a7924a2f5f96825d9e135bf992133ed417a3b116965a7d4e,kcs_202201_202412_v2,2023,afc76401431f02b4d8d5e848b197faaa197ce3dd037d66fd7ca719d7ce7bb017,2026-09-25T00:00:03+09:00
exporter_country,PH,KCS_cntyCd,hs6,850432,2,CN,null,null,import_value_topk,g0,0123c4e8dc9e43e9a7924a2f5f96825d9e135bf992133ed417a3b116965a7d4e,kcs_202201_202412_v2,2023,afc76401431f02b4d8d5e848b197faaa197ce3dd037d66fd7ca719d7ce7bb017,2026-09-25T00:00:03+09:00
exporter_country,PH,KCS_cntyCd,hs6,850432,3,US,null,null,import_value_topk,g0,0123c4e8dc9e43e9a7924a2f5f96825d9e135bf992133ed417a3b116965a7d4e,kcs_202201_202412_v2,2023,afc76401431f02b4d8d5e848b197faaa197ce3dd037d66fd7ca719d7ce7bb017,2026-09-25T00:00:03+09:00
exporter_country,PH,KCS_cntyCd,hs6,850432,4,DE,null,null,import_value_topk,g0,0123c4e8dc9e43e9a7924a2f5f96825d9e135bf992133ed417a3b116965a7d4e,kcs_202201_202412_v2,2023,afc76401431f02b4d8d5e848b197faaa197ce3dd037d66fd7ca719d7ce7bb017,2026-09-25T00:00:03+09:00
exporter_country,PH,KCS_cntyCd,hs6,850432,5,JP,null,null,import_value_topk,g0,0123c4e8dc9e43e9a7924a2f5f96825d9e135bf992133ed417a3b116965a7d4e,kcs_202201_202412_v2,2023,afc76401431f02b4d8d5e848b197faaa197ce3dd037d66fd7ca719d7ce7bb017,2026-09-25T00:00:03+09:00
exporter_country,SE,KCS_cntyCd,hs6,850432,1,VN,null,null,import_value_topk,g0,0123c4e8dc9e43e9a7924a2f5f96825d9e135bf992133ed417a3b116965a7d4e,kcs_202201_202412_v2,2023,afc76401431f02b4d8d5e848b197faaa197ce3dd037d66fd7ca719d7ce7bb017,2026-09-25T00:00:03+09:00
exporter_country,SE,KCS_cntyCd,hs6,850432,2,CN,null,null,import_value_topk,g0,0123c4e8dc9e43e9a7924a2f5f96825d9e135bf992133ed417a3b116965a7d4e,kcs_202201_202412_v2,2023,afc76401431f02b4d8d5e848b197faaa197ce3dd037d66fd7ca719d7ce7bb017,2026-09-25T00:00:03+09:00
exporter_country,SE,KCS_cntyCd,hs6,850432,3,PH,null,null,import_value_topk,g0,0123c4e8dc9e43e9a7924a2f5f96825d9e135bf992133ed417a3b116965a7d4e,kcs_202201_202412_v2,2023,afc76401431f02b4d8d5e848b197faaa197ce3dd037d66fd7ca719d7ce7bb017,2026-09-25T00:00:03+09:00
exporter_country,SE,KCS_cntyCd,hs6,850432,4,US,null,null,import_value_topk,g0,0123c4e8dc9e43e9a7924a2f5f96825d9e135bf992133ed417a3b116965a7d4e,kcs_202201_202412_v2,2023,afc76401431f02b4d8d5e848b197faaa197ce3dd037d66fd7ca719d7ce7bb017,2026-09-25T00:00:03+09:00
exporter_country,SE,KCS_cntyCd,hs6,850432,5,DE,null,null,import_value_topk,g0,0123c4e8dc9e43e9a7924a2f5f96825d9e135bf992133ed417a3b116965a7d4e,kcs_202201_202412_v2,2023,afc76401431f02b4d8d5e848b197faaa197ce3dd037d66fd7ca719d7ce7bb017,2026-09-25T00:00:03+09:00
exporter_country,TW,KCS_cntyCd,hs6,850432,1,VN,null,null,import_value_topk,g0,0123c4e8dc9e43e9a7924a2f5f96825d9e135bf992133ed417a3b116965a7d4e,kcs_202201_202412_v2,2023,afc76401431f02b4d8d5e848b197faaa197ce3dd037d66fd7ca719d7ce7bb017,2026-09-25T00:00:03+09:00
exporter_country,TW,KCS_cntyCd,hs6,850432,2,CN,null,null,import_value_topk,g0,0123c4e8dc9e43e9a7924a2f5f96825d9e135bf992133ed417a3b116965a7d4e,kcs_202201_202412_v2,2023,afc76401431f02b4d8d5e848b197faaa197ce3dd037d66fd7ca719d7ce7bb017,2026-09-25T00:00:03+09:00
exporter_country,TW,KCS_cntyCd,hs6,850432,3,PH,null,null,import_value_topk,g0,0123c4e8dc9e43e9a7924a2f5f96825d9e135bf992133ed417a3b116965a7d4e,kcs_202201_202412_v2,2023,afc76401431f02b4d8d5e848b197faaa197ce3dd037d66fd7ca719d7ce7bb017,2026-09-25T00:00:03+09:00
exporter_country,TW,KCS_cntyCd,hs6,850432,4,US,null,null,import_value_topk,g0,0123c4e8dc9e43e9a7924a2f5f96825d9e135bf992133ed417a3b116965a7d4e,kcs_202201_202412_v2,2023,afc76401431f02b4d8d5e848b197faaa197ce3dd037d66fd7ca719d7ce7bb017,2026-09-25T00:00:03+09:00
exporter_country,TW,KCS_cntyCd,hs6,850432,5,DE,null,null,import_value_topk,g0,0123c4e8dc9e43e9a7924a2f5f96825d9e135bf992133ed417a3b116965a7d4e,kcs_202201_202412_v2,2023,afc76401431f02b4d8d5e848b197faaa197ce3dd037d66fd7ca719d7ce7bb017,2026-09-25T00:00:03+09:00
exporter_country,US,KCS_cntyCd,hs6,850432,1,VN,null,null,import_value_topk,g0,0123c4e8dc9e43e9a7924a2f5f96825d9e135bf992133ed417a3b116965a7d4e,kcs_202201_202412_v2,2023,afc76401431f02b4d8d5e848b197faaa197ce3dd037d66fd7ca719d7ce7bb017,2026-09-25T00:00:03+09:00
exporter_country,US,KCS_cntyCd,hs6,850432,2,CN,null,null,import_value_topk,g0,0123c4e8dc9e43e9a7924a2f5f96825d9e135bf992133ed417a3b116965a7d4e,kcs_202201_202412_v2,2023,afc76401431f02b4d8d5e848b197faaa197ce3dd037d66fd7ca719d7ce7bb017,2026-09-25T00:00:03+09:00
exporter_country,US,KCS_cntyCd,hs6,850432,3,PH,null,null,import_value_topk,g0,0123c4e8dc9e43e9a7924a2f5f96825d9e135bf992133ed417a3b116965a7d4e,kcs_202201_202412_v2,2023,afc76401431f02b4d8d5e848b197faaa197ce3dd037d66fd7ca719d7ce7bb017,2026-09-25T00:00:03+09:00
exporter_country,US,KCS_cntyCd,hs6,850432,4,DE,null,null,import_value_topk,g0,0123c4e8dc9e43e9a7924a2f5f96825d9e135bf992133ed417a3b116965a7d4e,kcs_202201_202412_v2,2023,afc76401431f02b4d8d5e848b197faaa197ce3dd037d66fd7ca719d7ce7bb017,2026-09-25T00:00:03+09:00
exporter_country,US,KCS_cntyCd,hs6,850432,5,JP,null,null,import_value_topk,g0,0123c4e8dc9e43e9a7924a2f5f96825d9e135bf992133ed417a3b116965a7d4e,kcs_202201_202412_v2,2023,afc76401431f02b4d8d5e848b197faaa197ce3dd037d66fd7ca719d7ce7bb017,2026-09-25T00:00:03+09:00
exporter_country,VN,KCS_cntyCd,hs6,850432,1,CN,null,null,import_value_topk,g0,0123c4e8dc9e43e9a7924a2f5f96825d9e135bf992133ed417a3b116965a7d4e,kcs_202201_202412_v2,2023,afc76401431f02b4d8d5e848b197faaa197ce3dd037d66fd7ca719d7ce7bb017,2026-09-25T00:00:03+09:00
exporter_country,VN,KCS_cntyCd,hs6,850432,2,PH,null,null,import_value_topk,g0,0123c4e8dc9e43e9a7924a2f5f96825d9e135bf992133ed417a3b116965a7d4e,kcs_202201_202412_v2,2023,afc76401431f02b4d8d5e848b197faaa197ce3dd037d66fd7ca719d7ce7bb017,2026-09-25T00:00:03+09:00
exporter_country,VN,KCS_cntyCd,hs6,850432,3,US,null,null,import_value_topk,g0,0123c4e8dc9e43e9a7924a2f5f96825d9e135bf992133ed417a3b116965a7d4e,kcs_202201_202412_v2,2023,afc76401431f02b4d8d5e848b197faaa197ce3dd037d66fd7ca719d7ce7bb017,2026-09-25T00:00:03+09:00
exporter_country,VN,KCS_cntyCd,hs6,850432,4,DE,null,null,import_value_topk,g0,0123c4e8dc9e43e9a7924a2f5f96825d9e135bf992133ed417a3b116965a7d4e,kcs_202201_202412_v2,2023,afc76401431f02b4d8d5e848b197faaa197ce3dd037d66fd7ca719d7ce7bb017,2026-09-25T00:00:03+09:00
exporter_country,VN,KCS_cntyCd,hs6,850432,5,JP,null,null,import_value_topk,g0,0123c4e8dc9e43e9a7924a2f5f96825d9e135bf992133ed417a3b116965a7d4e,kcs_202201_202412_v2,2023,afc76401431f02b4d8d5e848b197faaa197ce3dd037d66fd7ca719d7ce7bb017,2026-09-25T00:00:03+09:00
exporter_country,CN,KCS_cntyCd,hs6,850450,1,PH,null,null,import_value_topk,g0,0123c4e8dc9e43e9a7924a2f5f96825d9e135bf992133ed417a3b116965a7d4e,kcs_202201_202412_v2,2023,afc76401431f02b4d8d5e848b197faaa197ce3dd037d66fd7ca719d7ce7bb017,2026-09-25T00:00:03+09:00
exporter_country,CN,KCS_cntyCd,hs6,850450,2,JP,null,null,import_value_topk,g0,0123c4e8dc9e43e9a7924a2f5f96825d9e135bf992133ed417a3b116965a7d4e,kcs_202201_202412_v2,2023,afc76401431f02b4d8d5e848b197faaa197ce3dd037d66fd7ca719d7ce7bb017,2026-09-25T00:00:03+09:00
exporter_country,CN,KCS_cntyCd,hs6,850450,3,VN,null,null,import_value_topk,g0,0123c4e8dc9e43e9a7924a2f5f96825d9e135bf992133ed417a3b116965a7d4e,kcs_202201_202412_v2,2023,afc76401431f02b4d8d5e848b197faaa197ce3dd037d66fd7ca719d7ce7bb017,2026-09-25T00:00:03+09:00
exporter_country,CN,KCS_cntyCd,hs6,850450,4,TW,null,null,import_value_topk,g0,0123c4e8dc9e43e9a7924a2f5f96825d9e135bf992133ed417a3b116965a7d4e,kcs_202201_202412_v2,2023,afc76401431f02b4d8d5e848b197faaa197ce3dd037d66fd7ca719d7ce7bb017,2026-09-25T00:00:03+09:00
exporter_country,CN,KCS_cntyCd,hs6,850450,5,ID,null,null,import_value_topk,g0,0123c4e8dc9e43e9a7924a2f5f96825d9e135bf992133ed417a3b116965a7d4e,kcs_202201_202412_v2,2023,afc76401431f02b4d8d5e848b197faaa197ce3dd037d66fd7ca719d7ce7bb017,2026-09-25T00:00:03+09:00
exporter_country,DE,KCS_cntyCd,hs6,850450,1,CN,null,null,import_value_topk,g0,0123c4e8dc9e43e9a7924a2f5f96825d9e135bf992133ed417a3b116965a7d4e,kcs_202201_202412_v2,2023,afc76401431f02b4d8d5e848b197faaa197ce3dd037d66fd7ca719d7ce7bb017,2026-09-25T00:00:03+09:00
exporter_country,DE,KCS_cntyCd,hs6,850450,2,PH,null,null,import_value_topk,g0,0123c4e8dc9e43e9a7924a2f5f96825d9e135bf992133ed417a3b116965a7d4e,kcs_202201_202412_v2,2023,afc76401431f02b4d8d5e848b197faaa197ce3dd037d66fd7ca719d7ce7bb017,2026-09-25T00:00:03+09:00
exporter_country,DE,KCS_cntyCd,hs6,850450,3,JP,null,null,import_value_topk,g0,0123c4e8dc9e43e9a7924a2f5f96825d9e135bf992133ed417a3b116965a7d4e,kcs_202201_202412_v2,2023,afc76401431f02b4d8d5e848b197faaa197ce3dd037d66fd7ca719d7ce7bb017,2026-09-25T00:00:03+09:00
exporter_country,DE,KCS_cntyCd,hs6,850450,4,VN,null,null,import_value_topk,g0,0123c4e8dc9e43e9a7924a2f5f96825d9e135bf992133ed417a3b116965a7d4e,kcs_202201_202412_v2,2023,afc76401431f02b4d8d5e848b197faaa197ce3dd037d66fd7ca719d7ce7bb017,2026-09-25T00:00:03+09:00
exporter_country,DE,KCS_cntyCd,hs6,850450,5,TW,null,null,import_value_topk,g0,0123c4e8dc9e43e9a7924a2f5f96825d9e135bf992133ed417a3b116965a7d4e,kcs_202201_202412_v2,2023,afc76401431f02b4d8d5e848b197faaa197ce3dd037d66fd7ca719d7ce7bb017,2026-09-25T00:00:03+09:00
exporter_country,FI,KCS_cntyCd,hs6,850450,1,CN,null,null,import_value_topk,g0,0123c4e8dc9e43e9a7924a2f5f96825d9e135bf992133ed417a3b116965a7d4e,kcs_202201_202412_v2,2023,afc76401431f02b4d8d5e848b197faaa197ce3dd037d66fd7ca719d7ce7bb017,2026-09-25T00:00:03+09:00
exporter_country,FI,KCS_cntyCd,hs6,850450,2,PH,null,null,import_value_topk,g0,0123c4e8dc9e43e9a7924a2f5f96825d9e135bf992133ed417a3b116965a7d4e,kcs_202201_202412_v2,2023,afc76401431f02b4d8d5e848b197faaa197ce3dd037d66fd7ca719d7ce7bb017,2026-09-25T00:00:03+09:00
exporter_country,FI,KCS_cntyCd,hs6,850450,3,JP,null,null,import_value_topk,g0,0123c4e8dc9e43e9a7924a2f5f96825d9e135bf992133ed417a3b116965a7d4e,kcs_202201_202412_v2,2023,afc76401431f02b4d8d5e848b197faaa197ce3dd037d66fd7ca719d7ce7bb017,2026-09-25T00:00:03+09:00
exporter_country,FI,KCS_cntyCd,hs6,850450,4,VN,null,null,import_value_topk,g0,0123c4e8dc9e43e9a7924a2f5f96825d9e135bf992133ed417a3b116965a7d4e,kcs_202201_202412_v2,2023,afc76401431f02b4d8d5e848b197faaa197ce3dd037d66fd7ca719d7ce7bb017,2026-09-25T00:00:03+09:00
exporter_country,FI,KCS_cntyCd,hs6,850450,5,TW,null,null,import_value_topk,g0,0123c4e8dc9e43e9a7924a2f5f96825d9e135bf992133ed417a3b116965a7d4e,kcs_202201_202412_v2,2023,afc76401431f02b4d8d5e848b197faaa197ce3dd037d66fd7ca719d7ce7bb017,2026-09-25T00:00:03+09:00
exporter_country,FR,KCS_cntyCd,hs6,850450,1,CN,null,null,import_value_topk,g0,0123c4e8dc9e43e9a7924a2f5f96825d9e135bf992133ed417a3b116965a7d4e,kcs_202201_202412_v2,2023,afc76401431f02b4d8d5e848b197faaa197ce3dd037d66fd7ca719d7ce7bb017,2026-09-25T00:00:03+09:00
exporter_country,FR,KCS_cntyCd,hs6,850450,2,PH,null,null,import_value_topk,g0,0123c4e8dc9e43e9a7924a2f5f96825d9e135bf992133ed417a3b116965a7d4e,kcs_202201_202412_v2,2023,afc76401431f02b4d8d5e848b197faaa197ce3dd037d66fd7ca719d7ce7bb017,2026-09-25T00:00:03+09:00
exporter_country,FR,KCS_cntyCd,hs6,850450,3,JP,null,null,import_value_topk,g0,0123c4e8dc9e43e9a7924a2f5f96825d9e135bf992133ed417a3b116965a7d4e,kcs_202201_202412_v2,2023,afc76401431f02b4d8d5e848b197faaa197ce3dd037d66fd7ca719d7ce7bb017,2026-09-25T00:00:03+09:00
exporter_country,FR,KCS_cntyCd,hs6,850450,4,VN,null,null,import_value_topk,g0,0123c4e8dc9e43e9a7924a2f5f96825d9e135bf992133ed417a3b116965a7d4e,kcs_202201_202412_v2,2023,afc76401431f02b4d8d5e848b197faaa197ce3dd037d66fd7ca719d7ce7bb017,2026-09-25T00:00:03+09:00
exporter_country,FR,KCS_cntyCd,hs6,850450,5,TW,null,null,import_value_topk,g0,0123c4e8dc9e43e9a7924a2f5f96825d9e135bf992133ed417a3b116965a7d4e,kcs_202201_202412_v2,2023,afc76401431f02b4d8d5e848b197faaa197ce3dd037d66fd7ca719d7ce7bb017,2026-09-25T00:00:03+09:00
exporter_country,ID,KCS_cntyCd,hs6,850450,1,CN,null,null,import_value_topk,g0,0123c4e8dc9e43e9a7924a2f5f96825d9e135bf992133ed417a3b116965a7d4e,kcs_202201_202412_v2,2023,afc76401431f02b4d8d5e848b197faaa197ce3dd037d66fd7ca719d7ce7bb017,2026-09-25T00:00:03+09:00
exporter_country,ID,KCS_cntyCd,hs6,850450,2,PH,null,null,import_value_topk,g0,0123c4e8dc9e43e9a7924a2f5f96825d9e135bf992133ed417a3b116965a7d4e,kcs_202201_202412_v2,2023,afc76401431f02b4d8d5e848b197faaa197ce3dd037d66fd7ca719d7ce7bb017,2026-09-25T00:00:03+09:00
exporter_country,ID,KCS_cntyCd,hs6,850450,3,JP,null,null,import_value_topk,g0,0123c4e8dc9e43e9a7924a2f5f96825d9e135bf992133ed417a3b116965a7d4e,kcs_202201_202412_v2,2023,afc76401431f02b4d8d5e848b197faaa197ce3dd037d66fd7ca719d7ce7bb017,2026-09-25T00:00:03+09:00
exporter_country,ID,KCS_cntyCd,hs6,850450,4,VN,null,null,import_value_topk,g0,0123c4e8dc9e43e9a7924a2f5f96825d9e135bf992133ed417a3b116965a7d4e,kcs_202201_202412_v2,2023,afc76401431f02b4d8d5e848b197faaa197ce3dd037d66fd7ca719d7ce7bb017,2026-09-25T00:00:03+09:00
exporter_country,ID,KCS_cntyCd,hs6,850450,5,TW,null,null,import_value_topk,g0,0123c4e8dc9e43e9a7924a2f5f96825d9e135bf992133ed417a3b116965a7d4e,kcs_202201_202412_v2,2023,afc76401431f02b4d8d5e848b197faaa197ce3dd037d66fd7ca719d7ce7bb017,2026-09-25T00:00:03+09:00
exporter_country,IN,KCS_cntyCd,hs6,850450,1,CN,null,null,import_value_topk,g0,0123c4e8dc9e43e9a7924a2f5f96825d9e135bf992133ed417a3b116965a7d4e,kcs_202201_202412_v2,2023,afc76401431f02b4d8d5e848b197faaa197ce3dd037d66fd7ca719d7ce7bb017,2026-09-25T00:00:03+09:00
exporter_country,IN,KCS_cntyCd,hs6,850450,2,PH,null,null,import_value_topk,g0,0123c4e8dc9e43e9a7924a2f5f96825d9e135bf992133ed417a3b116965a7d4e,kcs_202201_202412_v2,2023,afc76401431f02b4d8d5e848b197faaa197ce3dd037d66fd7ca719d7ce7bb017,2026-09-25T00:00:03+09:00
exporter_country,IN,KCS_cntyCd,hs6,850450,3,JP,null,null,import_value_topk,g0,0123c4e8dc9e43e9a7924a2f5f96825d9e135bf992133ed417a3b116965a7d4e,kcs_202201_202412_v2,2023,afc76401431f02b4d8d5e848b197faaa197ce3dd037d66fd7ca719d7ce7bb017,2026-09-25T00:00:03+09:00
exporter_country,IN,KCS_cntyCd,hs6,850450,4,VN,null,null,import_value_topk,g0,0123c4e8dc9e43e9a7924a2f5f96825d9e135bf992133ed417a3b116965a7d4e,kcs_202201_202412_v2,2023,afc76401431f02b4d8d5e848b197faaa197ce3dd037d66fd7ca719d7ce7bb017,2026-09-25T00:00:03+09:00
exporter_country,IN,KCS_cntyCd,hs6,850450,5,TW,null,null,import_value_topk,g0,0123c4e8dc9e43e9a7924a2f5f96825d9e135bf992133ed417a3b116965a7d4e,kcs_202201_202412_v2,2023,afc76401431f02b4d8d5e848b197faaa197ce3dd037d66fd7ca719d7ce7bb017,2026-09-25T00:00:03+09:00
exporter_country,JP,KCS_cntyCd,hs6,850450,1,CN,null,null,import_value_topk,g0,0123c4e8dc9e43e9a7924a2f5f96825d9e135bf992133ed417a3b116965a7d4e,kcs_202201_202412_v2,2023,afc76401431f02b4d8d5e848b197faaa197ce3dd037d66fd7ca719d7ce7bb017,2026-09-25T00:00:03+09:00
exporter_country,JP,KCS_cntyCd,hs6,850450,2,PH,null,null,import_value_topk,g0,0123c4e8dc9e43e9a7924a2f5f96825d9e135bf992133ed417a3b116965a7d4e,kcs_202201_202412_v2,2023,afc76401431f02b4d8d5e848b197faaa197ce3dd037d66fd7ca719d7ce7bb017,2026-09-25T00:00:03+09:00
exporter_country,JP,KCS_cntyCd,hs6,850450,3,VN,null,null,import_value_topk,g0,0123c4e8dc9e43e9a7924a2f5f96825d9e135bf992133ed417a3b116965a7d4e,kcs_202201_202412_v2,2023,afc76401431f02b4d8d5e848b197faaa197ce3dd037d66fd7ca719d7ce7bb017,2026-09-25T00:00:03+09:00
exporter_country,JP,KCS_cntyCd,hs6,850450,4,TW,null,null,import_value_topk,g0,0123c4e8dc9e43e9a7924a2f5f96825d9e135bf992133ed417a3b116965a7d4e,kcs_202201_202412_v2,2023,afc76401431f02b4d8d5e848b197faaa197ce3dd037d66fd7ca719d7ce7bb017,2026-09-25T00:00:03+09:00
exporter_country,JP,KCS_cntyCd,hs6,850450,5,ID,null,null,import_value_topk,g0,0123c4e8dc9e43e9a7924a2f5f96825d9e135bf992133ed417a3b116965a7d4e,kcs_202201_202412_v2,2023,afc76401431f02b4d8d5e848b197faaa197ce3dd037d66fd7ca719d7ce7bb017,2026-09-25T00:00:03+09:00
exporter_country,KH,KCS_cntyCd,hs6,850450,1,CN,null,null,import_value_topk,g0,0123c4e8dc9e43e9a7924a2f5f96825d9e135bf992133ed417a3b116965a7d4e,kcs_202201_202412_v2,2023,afc76401431f02b4d8d5e848b197faaa197ce3dd037d66fd7ca719d7ce7bb017,2026-09-25T00:00:03+09:00
exporter_country,KH,KCS_cntyCd,hs6,850450,2,PH,null,null,import_value_topk,g0,0123c4e8dc9e43e9a7924a2f5f96825d9e135bf992133ed417a3b116965a7d4e,kcs_202201_202412_v2,2023,afc76401431f02b4d8d5e848b197faaa197ce3dd037d66fd7ca719d7ce7bb017,2026-09-25T00:00:03+09:00
exporter_country,KH,KCS_cntyCd,hs6,850450,3,JP,null,null,import_value_topk,g0,0123c4e8dc9e43e9a7924a2f5f96825d9e135bf992133ed417a3b116965a7d4e,kcs_202201_202412_v2,2023,afc76401431f02b4d8d5e848b197faaa197ce3dd037d66fd7ca719d7ce7bb017,2026-09-25T00:00:03+09:00
exporter_country,KH,KCS_cntyCd,hs6,850450,4,VN,null,null,import_value_topk,g0,0123c4e8dc9e43e9a7924a2f5f96825d9e135bf992133ed417a3b116965a7d4e,kcs_202201_202412_v2,2023,afc76401431f02b4d8d5e848b197faaa197ce3dd037d66fd7ca719d7ce7bb017,2026-09-25T00:00:03+09:00
exporter_country,KH,KCS_cntyCd,hs6,850450,5,TW,null,null,import_value_topk,g0,0123c4e8dc9e43e9a7924a2f5f96825d9e135bf992133ed417a3b116965a7d4e,kcs_202201_202412_v2,2023,afc76401431f02b4d8d5e848b197faaa197ce3dd037d66fd7ca719d7ce7bb017,2026-09-25T00:00:03+09:00
exporter_country,MX,KCS_cntyCd,hs6,850450,1,CN,null,null,import_value_topk,g0,0123c4e8dc9e43e9a7924a2f5f96825d9e135bf992133ed417a3b116965a7d4e,kcs_202201_202412_v2,2023,afc76401431f02b4d8d5e848b197faaa197ce3dd037d66fd7ca719d7ce7bb017,2026-09-25T00:00:03+09:00
exporter_country,MX,KCS_cntyCd,hs6,850450,2,PH,null,null,import_value_topk,g0,0123c4e8dc9e43e9a7924a2f5f96825d9e135bf992133ed417a3b116965a7d4e,kcs_202201_202412_v2,2023,afc76401431f02b4d8d5e848b197faaa197ce3dd037d66fd7ca719d7ce7bb017,2026-09-25T00:00:03+09:00
exporter_country,MX,KCS_cntyCd,hs6,850450,3,JP,null,null,import_value_topk,g0,0123c4e8dc9e43e9a7924a2f5f96825d9e135bf992133ed417a3b116965a7d4e,kcs_202201_202412_v2,2023,afc76401431f02b4d8d5e848b197faaa197ce3dd037d66fd7ca719d7ce7bb017,2026-09-25T00:00:03+09:00
exporter_country,MX,KCS_cntyCd,hs6,850450,4,VN,null,null,import_value_topk,g0,0123c4e8dc9e43e9a7924a2f5f96825d9e135bf992133ed417a3b116965a7d4e,kcs_202201_202412_v2,2023,afc76401431f02b4d8d5e848b197faaa197ce3dd037d66fd7ca719d7ce7bb017,2026-09-25T00:00:03+09:00
exporter_country,MX,KCS_cntyCd,hs6,850450,5,TW,null,null,import_value_topk,g0,0123c4e8dc9e43e9a7924a2f5f96825d9e135bf992133ed417a3b116965a7d4e,kcs_202201_202412_v2,2023,afc76401431f02b4d8d5e848b197faaa197ce3dd037d66fd7ca719d7ce7bb017,2026-09-25T00:00:03+09:00
exporter_country,MY,KCS_cntyCd,hs6,850450,1,CN,null,null,import_value_topk,g0,0123c4e8dc9e43e9a7924a2f5f96825d9e135bf992133ed417a3b116965a7d4e,kcs_202201_202412_v2,2023,afc76401431f02b4d8d5e848b197faaa197ce3dd037d66fd7ca719d7ce7bb017,2026-09-25T00:00:03+09:00
exporter_country,MY,KCS_cntyCd,hs6,850450,2,PH,null,null,import_value_topk,g0,0123c4e8dc9e43e9a7924a2f5f96825d9e135bf992133ed417a3b116965a7d4e,kcs_202201_202412_v2,2023,afc76401431f02b4d8d5e848b197faaa197ce3dd037d66fd7ca719d7ce7bb017,2026-09-25T00:00:03+09:00
exporter_country,MY,KCS_cntyCd,hs6,850450,3,JP,null,null,import_value_topk,g0,0123c4e8dc9e43e9a7924a2f5f96825d9e135bf992133ed417a3b116965a7d4e,kcs_202201_202412_v2,2023,afc76401431f02b4d8d5e848b197faaa197ce3dd037d66fd7ca719d7ce7bb017,2026-09-25T00:00:03+09:00
exporter_country,MY,KCS_cntyCd,hs6,850450,4,VN,null,null,import_value_topk,g0,0123c4e8dc9e43e9a7924a2f5f96825d9e135bf992133ed417a3b116965a7d4e,kcs_202201_202412_v2,2023,afc76401431f02b4d8d5e848b197faaa197ce3dd037d66fd7ca719d7ce7bb017,2026-09-25T00:00:03+09:00
exporter_country,MY,KCS_cntyCd,hs6,850450,5,TW,null,null,import_value_topk,g0,0123c4e8dc9e43e9a7924a2f5f96825d9e135bf992133ed417a3b116965a7d4e,kcs_202201_202412_v2,2023,afc76401431f02b4d8d5e848b197faaa197ce3dd037d66fd7ca719d7ce7bb017,2026-09-25T00:00:03+09:00
exporter_country,NL,KCS_cntyCd,hs6,850450,1,CN,null,null,import_value_topk,g0,0123c4e8dc9e43e9a7924a2f5f96825d9e135bf992133ed417a3b116965a7d4e,kcs_202201_202412_v2,2023,afc76401431f02b4d8d5e848b197faaa197ce3dd037d66fd7ca719d7ce7bb017,2026-09-25T00:00:03+09:00
exporter_country,NL,KCS_cntyCd,hs6,850450,2,PH,null,null,import_value_topk,g0,0123c4e8dc9e43e9a7924a2f5f96825d9e135bf992133ed417a3b116965a7d4e,kcs_202201_202412_v2,2023,afc76401431f02b4d8d5e848b197faaa197ce3dd037d66fd7ca719d7ce7bb017,2026-09-25T00:00:03+09:00
exporter_country,NL,KCS_cntyCd,hs6,850450,3,JP,null,null,import_value_topk,g0,0123c4e8dc9e43e9a7924a2f5f96825d9e135bf992133ed417a3b116965a7d4e,kcs_202201_202412_v2,2023,afc76401431f02b4d8d5e848b197faaa197ce3dd037d66fd7ca719d7ce7bb017,2026-09-25T00:00:03+09:00
exporter_country,NL,KCS_cntyCd,hs6,850450,4,VN,null,null,import_value_topk,g0,0123c4e8dc9e43e9a7924a2f5f96825d9e135bf992133ed417a3b116965a7d4e,kcs_202201_202412_v2,2023,afc76401431f02b4d8d5e848b197faaa197ce3dd037d66fd7ca719d7ce7bb017,2026-09-25T00:00:03+09:00
exporter_country,NL,KCS_cntyCd,hs6,850450,5,TW,null,null,import_value_topk,g0,0123c4e8dc9e43e9a7924a2f5f96825d9e135bf992133ed417a3b116965a7d4e,kcs_202201_202412_v2,2023,afc76401431f02b4d8d5e848b197faaa197ce3dd037d66fd7ca719d7ce7bb017,2026-09-25T00:00:03+09:00
exporter_country,PH,KCS_cntyCd,hs6,850450,1,CN,null,null,import_value_topk,g0,0123c4e8dc9e43e9a7924a2f5f96825d9e135bf992133ed417a3b116965a7d4e,kcs_202201_202412_v2,2023,afc76401431f02b4d8d5e848b197faaa197ce3dd037d66fd7ca719d7ce7bb017,2026-09-25T00:00:03+09:00
exporter_country,PH,KCS_cntyCd,hs6,850450,2,JP,null,null,import_value_topk,g0,0123c4e8dc9e43e9a7924a2f5f96825d9e135bf992133ed417a3b116965a7d4e,kcs_202201_202412_v2,2023,afc76401431f02b4d8d5e848b197faaa197ce3dd037d66fd7ca719d7ce7bb017,2026-09-25T00:00:03+09:00
exporter_country,PH,KCS_cntyCd,hs6,850450,3,VN,null,null,import_value_topk,g0,0123c4e8dc9e43e9a7924a2f5f96825d9e135bf992133ed417a3b116965a7d4e,kcs_202201_202412_v2,2023,afc76401431f02b4d8d5e848b197faaa197ce3dd037d66fd7ca719d7ce7bb017,2026-09-25T00:00:03+09:00
exporter_country,PH,KCS_cntyCd,hs6,850450,4,TW,null,null,import_value_topk,g0,0123c4e8dc9e43e9a7924a2f5f96825d9e135bf992133ed417a3b116965a7d4e,kcs_202201_202412_v2,2023,afc76401431f02b4d8d5e848b197faaa197ce3dd037d66fd7ca719d7ce7bb017,2026-09-25T00:00:03+09:00
exporter_country,PH,KCS_cntyCd,hs6,850450,5,ID,null,null,import_value_topk,g0,0123c4e8dc9e43e9a7924a2f5f96825d9e135bf992133ed417a3b116965a7d4e,kcs_202201_202412_v2,2023,afc76401431f02b4d8d5e848b197faaa197ce3dd037d66fd7ca719d7ce7bb017,2026-09-25T00:00:03+09:00
exporter_country,SE,KCS_cntyCd,hs6,850450,1,CN,null,null,import_value_topk,g0,0123c4e8dc9e43e9a7924a2f5f96825d9e135bf992133ed417a3b116965a7d4e,kcs_202201_202412_v2,2023,afc76401431f02b4d8d5e848b197faaa197ce3dd037d66fd7ca719d7ce7bb017,2026-09-25T00:00:03+09:00
exporter_country,SE,KCS_cntyCd,hs6,850450,2,PH,null,null,import_value_topk,g0,0123c4e8dc9e43e9a7924a2f5f96825d9e135bf992133ed417a3b116965a7d4e,kcs_202201_202412_v2,2023,afc76401431f02b4d8d5e848b197faaa197ce3dd037d66fd7ca719d7ce7bb017,2026-09-25T00:00:03+09:00
exporter_country,SE,KCS_cntyCd,hs6,850450,3,JP,null,null,import_value_topk,g0,0123c4e8dc9e43e9a7924a2f5f96825d9e135bf992133ed417a3b116965a7d4e,kcs_202201_202412_v2,2023,afc76401431f02b4d8d5e848b197faaa197ce3dd037d66fd7ca719d7ce7bb017,2026-09-25T00:00:03+09:00
exporter_country,SE,KCS_cntyCd,hs6,850450,4,VN,null,null,import_value_topk,g0,0123c4e8dc9e43e9a7924a2f5f96825d9e135bf992133ed417a3b116965a7d4e,kcs_202201_202412_v2,2023,afc76401431f02b4d8d5e848b197faaa197ce3dd037d66fd7ca719d7ce7bb017,2026-09-25T00:00:03+09:00
exporter_country,SE,KCS_cntyCd,hs6,850450,5,TW,null,null,import_value_topk,g0,0123c4e8dc9e43e9a7924a2f5f96825d9e135bf992133ed417a3b116965a7d4e,kcs_202201_202412_v2,2023,afc76401431f02b4d8d5e848b197faaa197ce3dd037d66fd7ca719d7ce7bb017,2026-09-25T00:00:03+09:00
exporter_country,TW,KCS_cntyCd,hs6,850450,1,CN,null,null,import_value_topk,g0,0123c4e8dc9e43e9a7924a2f5f96825d9e135bf992133ed417a3b116965a7d4e,kcs_202201_202412_v2,2023,afc76401431f02b4d8d5e848b197faaa197ce3dd037d66fd7ca719d7ce7bb017,2026-09-25T00:00:03+09:00
exporter_country,TW,KCS_cntyCd,hs6,850450,2,PH,null,null,import_value_topk,g0,0123c4e8dc9e43e9a7924a2f5f96825d9e135bf992133ed417a3b116965a7d4e,kcs_202201_202412_v2,2023,afc76401431f02b4d8d5e848b197faaa197ce3dd037d66fd7ca719d7ce7bb017,2026-09-25T00:00:03+09:00
exporter_country,TW,KCS_cntyCd,hs6,850450,3,JP,null,null,import_value_topk,g0,0123c4e8dc9e43e9a7924a2f5f96825d9e135bf992133ed417a3b116965a7d4e,kcs_202201_202412_v2,2023,afc76401431f02b4d8d5e848b197faaa197ce3dd037d66fd7ca719d7ce7bb017,2026-09-25T00:00:03+09:00
exporter_country,TW,KCS_cntyCd,hs6,850450,4,VN,null,null,import_value_topk,g0,0123c4e8dc9e43e9a7924a2f5f96825d9e135bf992133ed417a3b116965a7d4e,kcs_202201_202412_v2,2023,afc76401431f02b4d8d5e848b197faaa197ce3dd037d66fd7ca719d7ce7bb017,2026-09-25T00:00:03+09:00
exporter_country,TW,KCS_cntyCd,hs6,850450,5,ID,null,null,import_value_topk,g0,0123c4e8dc9e43e9a7924a2f5f96825d9e135bf992133ed417a3b116965a7d4e,kcs_202201_202412_v2,2023,afc76401431f02b4d8d5e848b197faaa197ce3dd037d66fd7ca719d7ce7bb017,2026-09-25T00:00:03+09:00
exporter_country,US,KCS_cntyCd,hs6,850450,1,CN,null,null,import_value_topk,g0,0123c4e8dc9e43e9a7924a2f5f96825d9e135bf992133ed417a3b116965a7d4e,kcs_202201_202412_v2,2023,afc76401431f02b4d8d5e848b197faaa197ce3dd037d66fd7ca719d7ce7bb017,2026-09-25T00:00:03+09:00
exporter_country,US,KCS_cntyCd,hs6,850450,2,PH,null,null,import_value_topk,g0,0123c4e8dc9e43e9a7924a2f5f96825d9e135bf992133ed417a3b116965a7d4e,kcs_202201_202412_v2,2023,afc76401431f02b4d8d5e848b197faaa197ce3dd037d66fd7ca719d7ce7bb017,2026-09-25T00:00:03+09:00
exporter_country,US,KCS_cntyCd,hs6,850450,3,JP,null,null,import_value_topk,g0,0123c4e8dc9e43e9a7924a2f5f96825d9e135bf992133ed417a3b116965a7d4e,kcs_202201_202412_v2,2023,afc76401431f02b4d8d5e848b197faaa197ce3dd037d66fd7ca719d7ce7bb017,2026-09-25T00:00:03+09:00
exporter_country,US,KCS_cntyCd,hs6,850450,4,VN,null,null,import_value_topk,g0,0123c4e8dc9e43e9a7924a2f5f96825d9e135bf992133ed417a3b116965a7d4e,kcs_202201_202412_v2,2023,afc76401431f02b4d8d5e848b197faaa197ce3dd037d66fd7ca719d7ce7bb017,2026-09-25T00:00:03+09:00
exporter_country,US,KCS_cntyCd,hs6,850450,5,TW,null,null,import_value_topk,g0,0123c4e8dc9e43e9a7924a2f5f96825d9e135bf992133ed417a3b116965a7d4e,kcs_202201_202412_v2,2023,afc76401431f02b4d8d5e848b197faaa197ce3dd037d66fd7ca719d7ce7bb017,2026-09-25T00:00:03+09:00
exporter_country,VN,KCS_cntyCd,hs6,850450,1,CN,null,null,import_value_topk,g0,0123c4e8dc9e43e9a7924a2f5f96825d9e135bf992133ed417a3b116965a7d4e,kcs_202201_202412_v2,2023,afc76401431f02b4d8d5e848b197faaa197ce3dd037d66fd7ca719d7ce7bb017,2026-09-25T00:00:03+09:00
exporter_country,VN,KCS_cntyCd,hs6,850450,2,PH,null,null,import_value_topk,g0,0123c4e8dc9e43e9a7924a2f5f96825d9e135bf992133ed417a3b116965a7d4e,kcs_202201_202412_v2,2023,afc76401431f02b4d8d5e848b197faaa197ce3dd037d66fd7ca719d7ce7bb017,2026-09-25T00:00:03+09:00
exporter_country,VN,KCS_cntyCd,hs6,850450,3,JP,null,null,import_value_topk,g0,0123c4e8dc9e43e9a7924a2f5f96825d9e135bf992133ed417a3b116965a7d4e,kcs_202201_202412_v2,2023,afc76401431f02b4d8d5e848b197faaa197ce3dd037d66fd7ca719d7ce7bb017,2026-09-25T00:00:03+09:00
exporter_country,VN,KCS_cntyCd,hs6,850450,4,TW,null,null,import_value_topk,g0,0123c4e8dc9e43e9a7924a2f5f96825d9e135bf992133ed417a3b116965a7d4e,kcs_202201_202412_v2,2023,afc76401431f02b4d8d5e848b197faaa197ce3dd037d66fd7ca719d7ce7bb017,2026-09-25T00:00:03+09:00
exporter_country,VN,KCS_cntyCd,hs6,850450,5,ID,null,null,import_value_topk,g0,0123c4e8dc9e43e9a7924a2f5f96825d9e135bf992133ed417a3b116965a7d4e,kcs_202201_202412_v2,2023,afc76401431f02b4d8d5e848b197faaa197ce3dd037d66fd7ca719d7ce7bb017,2026-09-25T00:00:03+09:00
exporter_country,CN,KCS_cntyCd,hs6,850490,1,SE,null,null,import_value_topk,g0,0123c4e8dc9e43e9a7924a2f5f96825d9e135bf992133ed417a3b116965a7d4e,kcs_202201_202412_v2,2023,afc76401431f02b4d8d5e848b197faaa197ce3dd037d66fd7ca719d7ce7bb017,2026-09-25T00:00:03+09:00
exporter_country,CN,KCS_cntyCd,hs6,850490,2,DE,null,null,import_value_topk,g0,0123c4e8dc9e43e9a7924a2f5f96825d9e135bf992133ed417a3b116965a7d4e,kcs_202201_202412_v2,2023,afc76401431f02b4d8d5e848b197faaa197ce3dd037d66fd7ca719d7ce7bb017,2026-09-25T00:00:03+09:00
exporter_country,CN,KCS_cntyCd,hs6,850490,3,US,null,null,import_value_topk,g0,0123c4e8dc9e43e9a7924a2f5f96825d9e135bf992133ed417a3b116965a7d4e,kcs_202201_202412_v2,2023,afc76401431f02b4d8d5e848b197faaa197ce3dd037d66fd7ca719d7ce7bb017,2026-09-25T00:00:03+09:00
exporter_country,CN,KCS_cntyCd,hs6,850490,4,JP,null,null,import_value_topk,g0,0123c4e8dc9e43e9a7924a2f5f96825d9e135bf992133ed417a3b116965a7d4e,kcs_202201_202412_v2,2023,afc76401431f02b4d8d5e848b197faaa197ce3dd037d66fd7ca719d7ce7bb017,2026-09-25T00:00:03+09:00
exporter_country,CN,KCS_cntyCd,hs6,850490,5,TW,null,null,import_value_topk,g0,0123c4e8dc9e43e9a7924a2f5f96825d9e135bf992133ed417a3b116965a7d4e,kcs_202201_202412_v2,2023,afc76401431f02b4d8d5e848b197faaa197ce3dd037d66fd7ca719d7ce7bb017,2026-09-25T00:00:03+09:00
exporter_country,DE,KCS_cntyCd,hs6,850490,1,CN,null,null,import_value_topk,g0,0123c4e8dc9e43e9a7924a2f5f96825d9e135bf992133ed417a3b116965a7d4e,kcs_202201_202412_v2,2023,afc76401431f02b4d8d5e848b197faaa197ce3dd037d66fd7ca719d7ce7bb017,2026-09-25T00:00:03+09:00
exporter_country,DE,KCS_cntyCd,hs6,850490,2,SE,null,null,import_value_topk,g0,0123c4e8dc9e43e9a7924a2f5f96825d9e135bf992133ed417a3b116965a7d4e,kcs_202201_202412_v2,2023,afc76401431f02b4d8d5e848b197faaa197ce3dd037d66fd7ca719d7ce7bb017,2026-09-25T00:00:03+09:00
exporter_country,DE,KCS_cntyCd,hs6,850490,3,US,null,null,import_value_topk,g0,0123c4e8dc9e43e9a7924a2f5f96825d9e135bf992133ed417a3b116965a7d4e,kcs_202201_202412_v2,2023,afc76401431f02b4d8d5e848b197faaa197ce3dd037d66fd7ca719d7ce7bb017,2026-09-25T00:00:03+09:00
exporter_country,DE,KCS_cntyCd,hs6,850490,4,JP,null,null,import_value_topk,g0,0123c4e8dc9e43e9a7924a2f5f96825d9e135bf992133ed417a3b116965a7d4e,kcs_202201_202412_v2,2023,afc76401431f02b4d8d5e848b197faaa197ce3dd037d66fd7ca719d7ce7bb017,2026-09-25T00:00:03+09:00
exporter_country,DE,KCS_cntyCd,hs6,850490,5,TW,null,null,import_value_topk,g0,0123c4e8dc9e43e9a7924a2f5f96825d9e135bf992133ed417a3b116965a7d4e,kcs_202201_202412_v2,2023,afc76401431f02b4d8d5e848b197faaa197ce3dd037d66fd7ca719d7ce7bb017,2026-09-25T00:00:03+09:00
exporter_country,FI,KCS_cntyCd,hs6,850490,1,CN,null,null,import_value_topk,g0,0123c4e8dc9e43e9a7924a2f5f96825d9e135bf992133ed417a3b116965a7d4e,kcs_202201_202412_v2,2023,afc76401431f02b4d8d5e848b197faaa197ce3dd037d66fd7ca719d7ce7bb017,2026-09-25T00:00:03+09:00
exporter_country,FI,KCS_cntyCd,hs6,850490,2,SE,null,null,import_value_topk,g0,0123c4e8dc9e43e9a7924a2f5f96825d9e135bf992133ed417a3b116965a7d4e,kcs_202201_202412_v2,2023,afc76401431f02b4d8d5e848b197faaa197ce3dd037d66fd7ca719d7ce7bb017,2026-09-25T00:00:03+09:00
exporter_country,FI,KCS_cntyCd,hs6,850490,3,DE,null,null,import_value_topk,g0,0123c4e8dc9e43e9a7924a2f5f96825d9e135bf992133ed417a3b116965a7d4e,kcs_202201_202412_v2,2023,afc76401431f02b4d8d5e848b197faaa197ce3dd037d66fd7ca719d7ce7bb017,2026-09-25T00:00:03+09:00
exporter_country,FI,KCS_cntyCd,hs6,850490,4,US,null,null,import_value_topk,g0,0123c4e8dc9e43e9a7924a2f5f96825d9e135bf992133ed417a3b116965a7d4e,kcs_202201_202412_v2,2023,afc76401431f02b4d8d5e848b197faaa197ce3dd037d66fd7ca719d7ce7bb017,2026-09-25T00:00:03+09:00
exporter_country,FI,KCS_cntyCd,hs6,850490,5,JP,null,null,import_value_topk,g0,0123c4e8dc9e43e9a7924a2f5f96825d9e135bf992133ed417a3b116965a7d4e,kcs_202201_202412_v2,2023,afc76401431f02b4d8d5e848b197faaa197ce3dd037d66fd7ca719d7ce7bb017,2026-09-25T00:00:03+09:00
exporter_country,FR,KCS_cntyCd,hs6,850490,1,CN,null,null,import_value_topk,g0,0123c4e8dc9e43e9a7924a2f5f96825d9e135bf992133ed417a3b116965a7d4e,kcs_202201_202412_v2,2023,afc76401431f02b4d8d5e848b197faaa197ce3dd037d66fd7ca719d7ce7bb017,2026-09-25T00:00:03+09:00
exporter_country,FR,KCS_cntyCd,hs6,850490,2,SE,null,null,import_value_topk,g0,0123c4e8dc9e43e9a7924a2f5f96825d9e135bf992133ed417a3b116965a7d4e,kcs_202201_202412_v2,2023,afc76401431f02b4d8d5e848b197faaa197ce3dd037d66fd7ca719d7ce7bb017,2026-09-25T00:00:03+09:00
exporter_country,FR,KCS_cntyCd,hs6,850490,3,DE,null,null,import_value_topk,g0,0123c4e8dc9e43e9a7924a2f5f96825d9e135bf992133ed417a3b116965a7d4e,kcs_202201_202412_v2,2023,afc76401431f02b4d8d5e848b197faaa197ce3dd037d66fd7ca719d7ce7bb017,2026-09-25T00:00:03+09:00
exporter_country,FR,KCS_cntyCd,hs6,850490,4,US,null,null,import_value_topk,g0,0123c4e8dc9e43e9a7924a2f5f96825d9e135bf992133ed417a3b116965a7d4e,kcs_202201_202412_v2,2023,afc76401431f02b4d8d5e848b197faaa197ce3dd037d66fd7ca719d7ce7bb017,2026-09-25T00:00:03+09:00
exporter_country,FR,KCS_cntyCd,hs6,850490,5,JP,null,null,import_value_topk,g0,0123c4e8dc9e43e9a7924a2f5f96825d9e135bf992133ed417a3b116965a7d4e,kcs_202201_202412_v2,2023,afc76401431f02b4d8d5e848b197faaa197ce3dd037d66fd7ca719d7ce7bb017,2026-09-25T00:00:03+09:00
exporter_country,ID,KCS_cntyCd,hs6,850490,1,CN,null,null,import_value_topk,g0,0123c4e8dc9e43e9a7924a2f5f96825d9e135bf992133ed417a3b116965a7d4e,kcs_202201_202412_v2,2023,afc76401431f02b4d8d5e848b197faaa197ce3dd037d66fd7ca719d7ce7bb017,2026-09-25T00:00:03+09:00
exporter_country,ID,KCS_cntyCd,hs6,850490,2,SE,null,null,import_value_topk,g0,0123c4e8dc9e43e9a7924a2f5f96825d9e135bf992133ed417a3b116965a7d4e,kcs_202201_202412_v2,2023,afc76401431f02b4d8d5e848b197faaa197ce3dd037d66fd7ca719d7ce7bb017,2026-09-25T00:00:03+09:00
exporter_country,ID,KCS_cntyCd,hs6,850490,3,DE,null,null,import_value_topk,g0,0123c4e8dc9e43e9a7924a2f5f96825d9e135bf992133ed417a3b116965a7d4e,kcs_202201_202412_v2,2023,afc76401431f02b4d8d5e848b197faaa197ce3dd037d66fd7ca719d7ce7bb017,2026-09-25T00:00:03+09:00
exporter_country,ID,KCS_cntyCd,hs6,850490,4,US,null,null,import_value_topk,g0,0123c4e8dc9e43e9a7924a2f5f96825d9e135bf992133ed417a3b116965a7d4e,kcs_202201_202412_v2,2023,afc76401431f02b4d8d5e848b197faaa197ce3dd037d66fd7ca719d7ce7bb017,2026-09-25T00:00:03+09:00
exporter_country,ID,KCS_cntyCd,hs6,850490,5,JP,null,null,import_value_topk,g0,0123c4e8dc9e43e9a7924a2f5f96825d9e135bf992133ed417a3b116965a7d4e,kcs_202201_202412_v2,2023,afc76401431f02b4d8d5e848b197faaa197ce3dd037d66fd7ca719d7ce7bb017,2026-09-25T00:00:03+09:00
exporter_country,IN,KCS_cntyCd,hs6,850490,1,CN,null,null,import_value_topk,g0,0123c4e8dc9e43e9a7924a2f5f96825d9e135bf992133ed417a3b116965a7d4e,kcs_202201_202412_v2,2023,afc76401431f02b4d8d5e848b197faaa197ce3dd037d66fd7ca719d7ce7bb017,2026-09-25T00:00:03+09:00
exporter_country,IN,KCS_cntyCd,hs6,850490,2,SE,null,null,import_value_topk,g0,0123c4e8dc9e43e9a7924a2f5f96825d9e135bf992133ed417a3b116965a7d4e,kcs_202201_202412_v2,2023,afc76401431f02b4d8d5e848b197faaa197ce3dd037d66fd7ca719d7ce7bb017,2026-09-25T00:00:03+09:00
exporter_country,IN,KCS_cntyCd,hs6,850490,3,DE,null,null,import_value_topk,g0,0123c4e8dc9e43e9a7924a2f5f96825d9e135bf992133ed417a3b116965a7d4e,kcs_202201_202412_v2,2023,afc76401431f02b4d8d5e848b197faaa197ce3dd037d66fd7ca719d7ce7bb017,2026-09-25T00:00:03+09:00
exporter_country,IN,KCS_cntyCd,hs6,850490,4,US,null,null,import_value_topk,g0,0123c4e8dc9e43e9a7924a2f5f96825d9e135bf992133ed417a3b116965a7d4e,kcs_202201_202412_v2,2023,afc76401431f02b4d8d5e848b197faaa197ce3dd037d66fd7ca719d7ce7bb017,2026-09-25T00:00:03+09:00
exporter_country,IN,KCS_cntyCd,hs6,850490,5,JP,null,null,import_value_topk,g0,0123c4e8dc9e43e9a7924a2f5f96825d9e135bf992133ed417a3b116965a7d4e,kcs_202201_202412_v2,2023,afc76401431f02b4d8d5e848b197faaa197ce3dd037d66fd7ca719d7ce7bb017,2026-09-25T00:00:03+09:00
exporter_country,JP,KCS_cntyCd,hs6,850490,1,CN,null,null,import_value_topk,g0,0123c4e8dc9e43e9a7924a2f5f96825d9e135bf992133ed417a3b116965a7d4e,kcs_202201_202412_v2,2023,afc76401431f02b4d8d5e848b197faaa197ce3dd037d66fd7ca719d7ce7bb017,2026-09-25T00:00:03+09:00
exporter_country,JP,KCS_cntyCd,hs6,850490,2,SE,null,null,import_value_topk,g0,0123c4e8dc9e43e9a7924a2f5f96825d9e135bf992133ed417a3b116965a7d4e,kcs_202201_202412_v2,2023,afc76401431f02b4d8d5e848b197faaa197ce3dd037d66fd7ca719d7ce7bb017,2026-09-25T00:00:03+09:00
exporter_country,JP,KCS_cntyCd,hs6,850490,3,DE,null,null,import_value_topk,g0,0123c4e8dc9e43e9a7924a2f5f96825d9e135bf992133ed417a3b116965a7d4e,kcs_202201_202412_v2,2023,afc76401431f02b4d8d5e848b197faaa197ce3dd037d66fd7ca719d7ce7bb017,2026-09-25T00:00:03+09:00
exporter_country,JP,KCS_cntyCd,hs6,850490,4,US,null,null,import_value_topk,g0,0123c4e8dc9e43e9a7924a2f5f96825d9e135bf992133ed417a3b116965a7d4e,kcs_202201_202412_v2,2023,afc76401431f02b4d8d5e848b197faaa197ce3dd037d66fd7ca719d7ce7bb017,2026-09-25T00:00:03+09:00
exporter_country,JP,KCS_cntyCd,hs6,850490,5,TW,null,null,import_value_topk,g0,0123c4e8dc9e43e9a7924a2f5f96825d9e135bf992133ed417a3b116965a7d4e,kcs_202201_202412_v2,2023,afc76401431f02b4d8d5e848b197faaa197ce3dd037d66fd7ca719d7ce7bb017,2026-09-25T00:00:03+09:00
exporter_country,KH,KCS_cntyCd,hs6,850490,1,CN,null,null,import_value_topk,g0,0123c4e8dc9e43e9a7924a2f5f96825d9e135bf992133ed417a3b116965a7d4e,kcs_202201_202412_v2,2023,afc76401431f02b4d8d5e848b197faaa197ce3dd037d66fd7ca719d7ce7bb017,2026-09-25T00:00:03+09:00
exporter_country,KH,KCS_cntyCd,hs6,850490,2,SE,null,null,import_value_topk,g0,0123c4e8dc9e43e9a7924a2f5f96825d9e135bf992133ed417a3b116965a7d4e,kcs_202201_202412_v2,2023,afc76401431f02b4d8d5e848b197faaa197ce3dd037d66fd7ca719d7ce7bb017,2026-09-25T00:00:03+09:00
exporter_country,KH,KCS_cntyCd,hs6,850490,3,DE,null,null,import_value_topk,g0,0123c4e8dc9e43e9a7924a2f5f96825d9e135bf992133ed417a3b116965a7d4e,kcs_202201_202412_v2,2023,afc76401431f02b4d8d5e848b197faaa197ce3dd037d66fd7ca719d7ce7bb017,2026-09-25T00:00:03+09:00
exporter_country,KH,KCS_cntyCd,hs6,850490,4,US,null,null,import_value_topk,g0,0123c4e8dc9e43e9a7924a2f5f96825d9e135bf992133ed417a3b116965a7d4e,kcs_202201_202412_v2,2023,afc76401431f02b4d8d5e848b197faaa197ce3dd037d66fd7ca719d7ce7bb017,2026-09-25T00:00:03+09:00
exporter_country,KH,KCS_cntyCd,hs6,850490,5,JP,null,null,import_value_topk,g0,0123c4e8dc9e43e9a7924a2f5f96825d9e135bf992133ed417a3b116965a7d4e,kcs_202201_202412_v2,2023,afc76401431f02b4d8d5e848b197faaa197ce3dd037d66fd7ca719d7ce7bb017,2026-09-25T00:00:03+09:00
exporter_country,MX,KCS_cntyCd,hs6,850490,1,CN,null,null,import_value_topk,g0,0123c4e8dc9e43e9a7924a2f5f96825d9e135bf992133ed417a3b116965a7d4e,kcs_202201_202412_v2,2023,afc76401431f02b4d8d5e848b197faaa197ce3dd037d66fd7ca719d7ce7bb017,2026-09-25T00:00:03+09:00
exporter_country,MX,KCS_cntyCd,hs6,850490,2,SE,null,null,import_value_topk,g0,0123c4e8dc9e43e9a7924a2f5f96825d9e135bf992133ed417a3b116965a7d4e,kcs_202201_202412_v2,2023,afc76401431f02b4d8d5e848b197faaa197ce3dd037d66fd7ca719d7ce7bb017,2026-09-25T00:00:03+09:00
exporter_country,MX,KCS_cntyCd,hs6,850490,3,DE,null,null,import_value_topk,g0,0123c4e8dc9e43e9a7924a2f5f96825d9e135bf992133ed417a3b116965a7d4e,kcs_202201_202412_v2,2023,afc76401431f02b4d8d5e848b197faaa197ce3dd037d66fd7ca719d7ce7bb017,2026-09-25T00:00:03+09:00
exporter_country,MX,KCS_cntyCd,hs6,850490,4,US,null,null,import_value_topk,g0,0123c4e8dc9e43e9a7924a2f5f96825d9e135bf992133ed417a3b116965a7d4e,kcs_202201_202412_v2,2023,afc76401431f02b4d8d5e848b197faaa197ce3dd037d66fd7ca719d7ce7bb017,2026-09-25T00:00:03+09:00
exporter_country,MX,KCS_cntyCd,hs6,850490,5,JP,null,null,import_value_topk,g0,0123c4e8dc9e43e9a7924a2f5f96825d9e135bf992133ed417a3b116965a7d4e,kcs_202201_202412_v2,2023,afc76401431f02b4d8d5e848b197faaa197ce3dd037d66fd7ca719d7ce7bb017,2026-09-25T00:00:03+09:00
exporter_country,MY,KCS_cntyCd,hs6,850490,1,CN,null,null,import_value_topk,g0,0123c4e8dc9e43e9a7924a2f5f96825d9e135bf992133ed417a3b116965a7d4e,kcs_202201_202412_v2,2023,afc76401431f02b4d8d5e848b197faaa197ce3dd037d66fd7ca719d7ce7bb017,2026-09-25T00:00:03+09:00
exporter_country,MY,KCS_cntyCd,hs6,850490,2,SE,null,null,import_value_topk,g0,0123c4e8dc9e43e9a7924a2f5f96825d9e135bf992133ed417a3b116965a7d4e,kcs_202201_202412_v2,2023,afc76401431f02b4d8d5e848b197faaa197ce3dd037d66fd7ca719d7ce7bb017,2026-09-25T00:00:03+09:00
exporter_country,MY,KCS_cntyCd,hs6,850490,3,DE,null,null,import_value_topk,g0,0123c4e8dc9e43e9a7924a2f5f96825d9e135bf992133ed417a3b116965a7d4e,kcs_202201_202412_v2,2023,afc76401431f02b4d8d5e848b197faaa197ce3dd037d66fd7ca719d7ce7bb017,2026-09-25T00:00:03+09:00
exporter_country,MY,KCS_cntyCd,hs6,850490,4,US,null,null,import_value_topk,g0,0123c4e8dc9e43e9a7924a2f5f96825d9e135bf992133ed417a3b116965a7d4e,kcs_202201_202412_v2,2023,afc76401431f02b4d8d5e848b197faaa197ce3dd037d66fd7ca719d7ce7bb017,2026-09-25T00:00:03+09:00
exporter_country,MY,KCS_cntyCd,hs6,850490,5,JP,null,null,import_value_topk,g0,0123c4e8dc9e43e9a7924a2f5f96825d9e135bf992133ed417a3b116965a7d4e,kcs_202201_202412_v2,2023,afc76401431f02b4d8d5e848b197faaa197ce3dd037d66fd7ca719d7ce7bb017,2026-09-25T00:00:03+09:00
exporter_country,NL,KCS_cntyCd,hs6,850490,1,CN,null,null,import_value_topk,g0,0123c4e8dc9e43e9a7924a2f5f96825d9e135bf992133ed417a3b116965a7d4e,kcs_202201_202412_v2,2023,afc76401431f02b4d8d5e848b197faaa197ce3dd037d66fd7ca719d7ce7bb017,2026-09-25T00:00:03+09:00
exporter_country,NL,KCS_cntyCd,hs6,850490,2,SE,null,null,import_value_topk,g0,0123c4e8dc9e43e9a7924a2f5f96825d9e135bf992133ed417a3b116965a7d4e,kcs_202201_202412_v2,2023,afc76401431f02b4d8d5e848b197faaa197ce3dd037d66fd7ca719d7ce7bb017,2026-09-25T00:00:03+09:00
exporter_country,NL,KCS_cntyCd,hs6,850490,3,DE,null,null,import_value_topk,g0,0123c4e8dc9e43e9a7924a2f5f96825d9e135bf992133ed417a3b116965a7d4e,kcs_202201_202412_v2,2023,afc76401431f02b4d8d5e848b197faaa197ce3dd037d66fd7ca719d7ce7bb017,2026-09-25T00:00:03+09:00
exporter_country,NL,KCS_cntyCd,hs6,850490,4,US,null,null,import_value_topk,g0,0123c4e8dc9e43e9a7924a2f5f96825d9e135bf992133ed417a3b116965a7d4e,kcs_202201_202412_v2,2023,afc76401431f02b4d8d5e848b197faaa197ce3dd037d66fd7ca719d7ce7bb017,2026-09-25T00:00:03+09:00
exporter_country,NL,KCS_cntyCd,hs6,850490,5,JP,null,null,import_value_topk,g0,0123c4e8dc9e43e9a7924a2f5f96825d9e135bf992133ed417a3b116965a7d4e,kcs_202201_202412_v2,2023,afc76401431f02b4d8d5e848b197faaa197ce3dd037d66fd7ca719d7ce7bb017,2026-09-25T00:00:03+09:00
exporter_country,PH,KCS_cntyCd,hs6,850490,1,CN,null,null,import_value_topk,g0,0123c4e8dc9e43e9a7924a2f5f96825d9e135bf992133ed417a3b116965a7d4e,kcs_202201_202412_v2,2023,afc76401431f02b4d8d5e848b197faaa197ce3dd037d66fd7ca719d7ce7bb017,2026-09-25T00:00:03+09:00
exporter_country,PH,KCS_cntyCd,hs6,850490,2,SE,null,null,import_value_topk,g0,0123c4e8dc9e43e9a7924a2f5f96825d9e135bf992133ed417a3b116965a7d4e,kcs_202201_202412_v2,2023,afc76401431f02b4d8d5e848b197faaa197ce3dd037d66fd7ca719d7ce7bb017,2026-09-25T00:00:03+09:00
exporter_country,PH,KCS_cntyCd,hs6,850490,3,DE,null,null,import_value_topk,g0,0123c4e8dc9e43e9a7924a2f5f96825d9e135bf992133ed417a3b116965a7d4e,kcs_202201_202412_v2,2023,afc76401431f02b4d8d5e848b197faaa197ce3dd037d66fd7ca719d7ce7bb017,2026-09-25T00:00:03+09:00
exporter_country,PH,KCS_cntyCd,hs6,850490,4,US,null,null,import_value_topk,g0,0123c4e8dc9e43e9a7924a2f5f96825d9e135bf992133ed417a3b116965a7d4e,kcs_202201_202412_v2,2023,afc76401431f02b4d8d5e848b197faaa197ce3dd037d66fd7ca719d7ce7bb017,2026-09-25T00:00:03+09:00
exporter_country,PH,KCS_cntyCd,hs6,850490,5,JP,null,null,import_value_topk,g0,0123c4e8dc9e43e9a7924a2f5f96825d9e135bf992133ed417a3b116965a7d4e,kcs_202201_202412_v2,2023,afc76401431f02b4d8d5e848b197faaa197ce3dd037d66fd7ca719d7ce7bb017,2026-09-25T00:00:03+09:00
exporter_country,SE,KCS_cntyCd,hs6,850490,1,CN,null,null,import_value_topk,g0,0123c4e8dc9e43e9a7924a2f5f96825d9e135bf992133ed417a3b116965a7d4e,kcs_202201_202412_v2,2023,afc76401431f02b4d8d5e848b197faaa197ce3dd037d66fd7ca719d7ce7bb017,2026-09-25T00:00:03+09:00
exporter_country,SE,KCS_cntyCd,hs6,850490,2,DE,null,null,import_value_topk,g0,0123c4e8dc9e43e9a7924a2f5f96825d9e135bf992133ed417a3b116965a7d4e,kcs_202201_202412_v2,2023,afc76401431f02b4d8d5e848b197faaa197ce3dd037d66fd7ca719d7ce7bb017,2026-09-25T00:00:03+09:00
exporter_country,SE,KCS_cntyCd,hs6,850490,3,US,null,null,import_value_topk,g0,0123c4e8dc9e43e9a7924a2f5f96825d9e135bf992133ed417a3b116965a7d4e,kcs_202201_202412_v2,2023,afc76401431f02b4d8d5e848b197faaa197ce3dd037d66fd7ca719d7ce7bb017,2026-09-25T00:00:03+09:00
exporter_country,SE,KCS_cntyCd,hs6,850490,4,JP,null,null,import_value_topk,g0,0123c4e8dc9e43e9a7924a2f5f96825d9e135bf992133ed417a3b116965a7d4e,kcs_202201_202412_v2,2023,afc76401431f02b4d8d5e848b197faaa197ce3dd037d66fd7ca719d7ce7bb017,2026-09-25T00:00:03+09:00
exporter_country,SE,KCS_cntyCd,hs6,850490,5,TW,null,null,import_value_topk,g0,0123c4e8dc9e43e9a7924a2f5f96825d9e135bf992133ed417a3b116965a7d4e,kcs_202201_202412_v2,2023,afc76401431f02b4d8d5e848b197faaa197ce3dd037d66fd7ca719d7ce7bb017,2026-09-25T00:00:03+09:00
exporter_country,TW,KCS_cntyCd,hs6,850490,1,CN,null,null,import_value_topk,g0,0123c4e8dc9e43e9a7924a2f5f96825d9e135bf992133ed417a3b116965a7d4e,kcs_202201_202412_v2,2023,afc76401431f02b4d8d5e848b197faaa197ce3dd037d66fd7ca719d7ce7bb017,2026-09-25T00:00:03+09:00
exporter_country,TW,KCS_cntyCd,hs6,850490,2,SE,null,null,import_value_topk,g0,0123c4e8dc9e43e9a7924a2f5f96825d9e135bf992133ed417a3b116965a7d4e,kcs_202201_202412_v2,2023,afc76401431f02b4d8d5e848b197faaa197ce3dd037d66fd7ca719d7ce7bb017,2026-09-25T00:00:03+09:00
exporter_country,TW,KCS_cntyCd,hs6,850490,3,DE,null,null,import_value_topk,g0,0123c4e8dc9e43e9a7924a2f5f96825d9e135bf992133ed417a3b116965a7d4e,kcs_202201_202412_v2,2023,afc76401431f02b4d8d5e848b197faaa197ce3dd037d66fd7ca719d7ce7bb017,2026-09-25T00:00:03+09:00
exporter_country,TW,KCS_cntyCd,hs6,850490,4,US,null,null,import_value_topk,g0,0123c4e8dc9e43e9a7924a2f5f96825d9e135bf992133ed417a3b116965a7d4e,kcs_202201_202412_v2,2023,afc76401431f02b4d8d5e848b197faaa197ce3dd037d66fd7ca719d7ce7bb017,2026-09-25T00:00:03+09:00
exporter_country,TW,KCS_cntyCd,hs6,850490,5,JP,null,null,import_value_topk,g0,0123c4e8dc9e43e9a7924a2f5f96825d9e135bf992133ed417a3b116965a7d4e,kcs_202201_202412_v2,2023,afc76401431f02b4d8d5e848b197faaa197ce3dd037d66fd7ca719d7ce7bb017,2026-09-25T00:00:03+09:00
exporter_country,US,KCS_cntyCd,hs6,850490,1,CN,null,null,import_value_topk,g0,0123c4e8dc9e43e9a7924a2f5f96825d9e135bf992133ed417a3b116965a7d4e,kcs_202201_202412_v2,2023,afc76401431f02b4d8d5e848b197faaa197ce3dd037d66fd7ca719d7ce7bb017,2026-09-25T00:00:03+09:00
exporter_country,US,KCS_cntyCd,hs6,850490,2,SE,null,null,import_value_topk,g0,0123c4e8dc9e43e9a7924a2f5f96825d9e135bf992133ed417a3b116965a7d4e,kcs_202201_202412_v2,2023,afc76401431f02b4d8d5e848b197faaa197ce3dd037d66fd7ca719d7ce7bb017,2026-09-25T00:00:03+09:00
exporter_country,US,KCS_cntyCd,hs6,850490,3,DE,null,null,import_value_topk,g0,0123c4e8dc9e43e9a7924a2f5f96825d9e135bf992133ed417a3b116965a7d4e,kcs_202201_202412_v2,2023,afc76401431f02b4d8d5e848b197faaa197ce3dd037d66fd7ca719d7ce7bb017,2026-09-25T00:00:03+09:00
exporter_country,US,KCS_cntyCd,hs6,850490,4,JP,null,null,import_value_topk,g0,0123c4e8dc9e43e9a7924a2f5f96825d9e135bf992133ed417a3b116965a7d4e,kcs_202201_202412_v2,2023,afc76401431f02b4d8d5e848b197faaa197ce3dd037d66fd7ca719d7ce7bb017,2026-09-25T00:00:03+09:00
exporter_country,US,KCS_cntyCd,hs6,850490,5,TW,null,null,import_value_topk,g0,0123c4e8dc9e43e9a7924a2f5f96825d9e135bf992133ed417a3b116965a7d4e,kcs_202201_202412_v2,2023,afc76401431f02b4d8d5e848b197faaa197ce3dd037d66fd7ca719d7ce7bb017,2026-09-25T00:00:03+09:00
exporter_country,VN,KCS_cntyCd,hs6,850490,1,CN,null,null,import_value_topk,g0,0123c4e8dc9e43e9a7924a2f5f96825d9e135bf992133ed417a3b116965a7d4e,kcs_202201_202412_v2,2023,afc76401431f02b4d8d5e848b197faaa197ce3dd037d66fd7ca719d7ce7bb017,2026-09-25T00:00:03+09:00
exporter_country,VN,KCS_cntyCd,hs6,850490,2,SE,null,null,import_value_topk,g0,0123c4e8dc9e43e9a7924a2f5f96825d9e135bf992133ed417a3b116965a7d4e,kcs_202201_202412_v2,2023,afc76401431f02b4d8d5e848b197faaa197ce3dd037d66fd7ca719d7ce7bb017,2026-09-25T00:00:03+09:00
exporter_country,VN,KCS_cntyCd,hs6,850490,3,DE,null,null,import_value_topk,g0,0123c4e8dc9e43e9a7924a2f5f96825d9e135bf992133ed417a3b116965a7d4e,kcs_202201_202412_v2,2023,afc76401431f02b4d8d5e848b197faaa197ce3dd037d66fd7ca719d7ce7bb017,2026-09-25T00:00:03+09:00
exporter_country,VN,KCS_cntyCd,hs6,850490,4,US,null,null,import_value_topk,g0,0123c4e8dc9e43e9a7924a2f5f96825d9e135bf992133ed417a3b116965a7d4e,kcs_202201_202412_v2,2023,afc76401431f02b4d8d5e848b197faaa197ce3dd037d66fd7ca719d7ce7bb017,2026-09-25T00:00:03+09:00
exporter_country,VN,KCS_cntyCd,hs6,850490,5,JP,null,null,import_value_topk,g0,0123c4e8dc9e43e9a7924a2f5f96825d9e135bf992133ed417a3b116965a7d4e,kcs_202201_202412_v2,2023,afc76401431f02b4d8d5e848b197faaa197ce3dd037d66fd7ca719d7ce7bb017,2026-09-25T00:00:03+09:00
